"_source_table","_role","_duplicate_id","_keeper_id","id","description","type","fleetId","make","model","year","registrationNumber","vinSerialId","companyId","status","createdAt","updatedAt","siteId","engineCapacity","loadingCarryingCapacityTonnes","fuelConsumptionUnit","fuelConsumption","locationOtherText","location","millingSiteId","lastAssessedAt","crushingSiteId"
Equipment,keeper (target of reassignment),cmmxotwj408cmk42abpcugcic,cmmw6cq810hy6lr2axty8k5z5,cmmw6cq810hy6lr2axty8k5z5,,TIPPER,"2HGT791",,,,AGZ6652,,cmid6zfak0002lb02iytpltpq,AVAILABLE,2026-03-18 15:06:50.689,2026-06-15 07:29:36.738,"18e3e5db-cf20-4eba-a198-98109170c02b",,,,,,,,,
Equipment,duplicate (will be deleted later),cmmxotwj408cmk42abpcugcic,cmmw6cq810hy6lr2axty8k5z5,cmmxotwj408cmk42abpcugcic,,TIPPER,"2HGT835",,,2026,AGZ6652,,cmid6zfak0002lb02iytpltpq,AVAILABLE,2026-03-19 16:31:51.280,2026-03-19 16:31:51.280,,,,,,,,,,
Equipment,keeper (target of reassignment),cmmyw76wi0scvk42a09x26n7k,"319cfc83-aba9-4fbb-bea8-eecb91a922b7","319cfc83-aba9-4fbb-bea8-eecb91a922b7",,,"2HGT789",,,,,,,AVAILABLE,2026-03-18 09:38:21.890,2026-03-18 09:38:21.890,"18e3e5db-cf20-4eba-a198-98109170c02b",,,,,,,,,
Equipment,duplicate (will be deleted later),cmmyw76wi0scvk42a09x26n7k,"319cfc83-aba9-4fbb-bea8-eecb91a922b7",cmmyw76wi0scvk42a09x26n7k,,TIPPER,"2HGT789",,,,,,,AVAILABLE,2026-03-20 12:45:54.738,2026-03-20 12:45:54.738,,,,,,,,,,
Equipment,keeper (target of reassignment),cmn1uoyn61z83k42aobnjhuo9,cmn1ukn7w1yolk42agd5e99u3,cmn1ukn7w1yolk42agd5e99u3,,TIPPER,"2HGT855",,,,AGZ8681,,cmid6zfak0002lb02iytpltpq,AVAILABLE,2026-03-22 14:23:41.708,2026-06-15 07:29:36.738,"18e3e5db-cf20-4eba-a198-98109170c02b",,,,,,,,,
Equipment,duplicate (will be deleted later),cmn1uoyn61z83k42aobnjhuo9,cmn1ukn7w1yolk42agd5e99u3,cmn1uoyn61z83k42aobnjhuo9,,TIPPER,"2HGT755",,,,AGZ8681,,cmid6zfak0002lb02iytpltpq,AVAILABLE,2026-03-22 14:27:03.138,2026-03-22 14:27:03.138,,,,,,,,,,
Equipment,keeper (target of reassignment),cmn34nkzu2yw1k42almvf1d8v,dec7e31f-a179-4975-adad-3f62b6962e73,dec7e31f-a179-4975-adad-3f62b6962e73,,,"2WTP793",,,,,,,AVAILABLE,2026-03-18 09:38:21.890,2026-03-18 09:38:21.890,"18e3e5db-cf20-4eba-a198-98109170c02b",,,,,,,,,
Equipment,duplicate (will be deleted later),cmn34nkzu2yw1k42almvf1d8v,dec7e31f-a179-4975-adad-3f62b6962e73,cmn34nkzu2yw1k42almvf1d8v,,POOL,"2WTP793",DAF,,,AHF4219,XLRAE65GC0E964382,cmj9vreu40000l702qz7al4up,AVAILABLE,2026-03-23 11:53:41.131,2026-03-23 11:53:41.131,,,10.0,LITRES_PER_KM,5.5,,WALDEN,,,
Equipment,keeper (target of reassignment),cmn38agrw383fk42adib9hs80,d81bc26a-fa3d-4c48-8a99-20cf326b760a,d81bc26a-fa3d-4c48-8a99-20cf326b760a,,,"2WTP770",,,,,,,AVAILABLE,2026-03-18 09:38:21.890,2026-03-18 09:38:21.890,"18e3e5db-cf20-4eba-a198-98109170c02b",,,,,,,,,
Equipment,duplicate (will be deleted later),cmn38agrw383fk42adib9hs80,d81bc26a-fa3d-4c48-8a99-20cf326b760a,cmn38agrw383fk42adib9hs80,,POOL,"2WTP770",UD40,,,AAH7451,,cmj9vreu40000l702qz7al4up,AVAILABLE,2026-03-23 13:35:27.596,2026-03-23 13:35:27.596,,,4.0,LITRES_PER_KM,5.0,,WALDEN,,,
Equipment,keeper (target of reassignment),cmn3aqjzu3gaik42aq9qs8mqb,cmn0fbm7m1j15k42a18z4cj1f,cmn0fbm7m1j15k42a18z4cj1f,,TIPPER,"2HGT854",,,,AGZ8680,,cmid6zfak0002lb02iytpltpq,AVAILABLE,2026-03-21 14:29:00.082,2026-06-15 07:29:36.738,"18e3e5db-cf20-4eba-a198-98109170c02b",,,,,,,,,
Equipment,duplicate (will be deleted later),cmn3aqjzu3gaik42aq9qs8mqb,cmn0fbm7m1j15k42a18z4cj1f,cmn3aqjzu3gaik42aq9qs8mqb,,TIPPER,"2HGT845",,,,AGZ8680,,cmid6zfak0002lb02iytpltpq,AVAILABLE,2026-03-23 14:43:57.499,2026-03-23 14:43:57.499,,,,,,,,,,
Equipment,keeper (target of reassignment),cmp45evop1tc3p8casmsnqmhv,cmobdpy4t1hkznzbg9g9k44uu,cmobdpy4t1hkznzbg9g9k44uu,,TIPPER,"2TMT866",,,,AHA3999,,cmj9v9x6n0007l902ludhewwi,AVAILABLE,2026-04-23 11:09:19.757,2026-06-15 07:29:36.738,"18e3e5db-cf20-4eba-a198-98109170c02b",,,,,,,,,
Equipment,duplicate (will be deleted later),cmp45evop1tc3p8casmsnqmhv,cmobdpy4t1hkznzbg9g9k44uu,cmp45evop1tc3p8casmsnqmhv,,TIPPER,"2TMT866",IVECO,,,AHA3999,WJMJ3JPS70C312372,cmj9v9x6n0007l902ludhewwi,AVAILABLE,2026-05-13 14:22:05.545,2026-05-13 14:22:05.545,,,,,2.2,,WALDEN,,,
Equipment,keeper (target of reassignment),cmq4shivs5llso4aja5ehq5l4,cmi8fy8wo00jpskghytxxjlb1,cmi8fy8wo00jpskghytxxjlb1,,TIPPER,"2WTT718",Volvo,Volvo,,AGZ5592,YV2J4CJD13A555328,cmj9vreu40000l702qz7al4up,AVAILABLE,2025-11-21 05:50:13.657,2025-12-17 10:44:53.965,"18e3e5db-cf20-4eba-a198-98109170c02b",,,,,,AMATOLA,,,
Equipment,duplicate (will be deleted later),cmq4shivs5llso4aja5ehq5l4,cmi8fy8wo00jpskghytxxjlb1,cmq4shivs5llso4aja5ehq5l4,,TIPPER,"2SHT906",Volvo,,,AGZ5592,YV2J4CJD13A555328,cmq4sbp5q5lleo4ajiynthfco,AVAILABLE,2026-06-08 05:47:42.424,2026-06-08 05:47:42.424,,,20.0,LITRES_PER_KM,2.2,,WALDEN,,,
