"_source_table","_change_type","_old_equipment_id","_new_equipment_id","id","createdAt","updatedAt","firstWeighTime","secondWeighTime","type","clientId","operationType","fleetId","areaId","shaftName","startKm","endKm","mileageKm","firstMass","secondMass","tonnage","agentId","productType","primer","prefixId","loadCode","batchNumber","isCustomerVehicle","status","paymentReportId","stockValueId","loadbayId","registrationNumber","equipmentId","jobId","allocationStatus","dateAllocated","siteId","toastValue","calculatedAU","auSource","allocationId"
Weighbridge,UPDATE equipmentId,cmmxotwj408cmk42abpcugcic,cmmw6cq810hy6lr2axty8k5z5,cmmxoo89b08cek42a2uy5x7w1,2026-03-19 16:27:26.543,2026-06-02 05:56:46.814,2026-03-19 00:00:00.000,2026-03-19 00:00:00.000,EXTERNAL_SANDS,cmmx43blm0m99lr2a7pr9obz4,COLLECTION,,cmmx3qsjo0m3hlr2aadokxlsb,,33496.0,33663.0,167.0,60.14,21.28,38.86,,DUMP,ES,cmmx3jxuw0lxllr2azpf4hkqb,ESAD50113,,false,COMPLETED,cmn37cq9j3686k42a7fqlklfx,cmojpfz1sa01unzbgfghguwkj,,AGZ6652,cmmxotwj408cmk42abpcugcic,,ALLOCATED,2026-03-22 00:00:00.000,"18e3e5db-cf20-4eba-a198-98109170c02b",,0.53,,c5efa24018e04460cb773b4d8
Weighbridge,UPDATE equipmentId,cmmxotwj408cmk42abpcugcic,cmmw6cq810hy6lr2axty8k5z5,cmmymw1bb0fzrk42a9egsfr9e,2026-03-20 08:25:17.735,2026-06-02 05:56:46.814,2026-03-20 00:00:00.000,2026-03-20 00:00:00.000,EXTERNAL_SANDS,cmmx43blm0m99lr2a7pr9obz4,COLLECTION,,cmmx3qsjo0m3hlr2aadokxlsb,"",33665.0,33830.0,165.0,63.16,21.38,41.78,,DUMP,ES,cmmx3jxuw0lxllr2azpf4hkqb,ESAD50150,"",false,COMPLETED,cmn38i27i38wgk42ayr7ws0vv,cmojpg6jpa07znzbg8uhccaik,,"",cmmxotwj408cmk42abpcugcic,,ALLOCATED,2026-03-23 00:00:00.000,"18e3e5db-cf20-4eba-a198-98109170c02b",,0.52,,c6da2d644a70790cc6b94e365
Weighbridge,UPDATE equipmentId,cmmyw76wi0scvk42a09x26n7k,"319cfc83-aba9-4fbb-bea8-eecb91a922b7",cmmz2yxwc0xw7k42a2w891nun,2026-03-20 15:55:27.133,2026-06-02 05:56:46.814,2026-03-20 00:00:00.000,2026-03-20 00:00:00.000,EXTERNAL_SANDS,cmmx43blm0m99lr2a7pr9obz4,COLLECTION,,cmmx3qsjo0m3hlr2aadokxlsb,"",13903.0,14074.0,171.0,57.86,21.06,36.8,,DUMP,ES,cmmx3jxuw0lxllr2azpf4hkqb,ESAD50185,"",false,COMPLETED,cmn4lozly45apk42aec87a7ds,cmojpg8apa09jnzbgz6c36f4e,,"",cmmyw76wi0scvk42a09x26n7k,,ALLOCATED,2026-03-25 00:00:00.000,"18e3e5db-cf20-4eba-a198-98109170c02b",,1.03,,c57ed6abfbcf0ab2a45467f7f
Weighbridge,UPDATE equipmentId,cmmxotwj408cmk42abpcugcic,cmmw6cq810hy6lr2axty8k5z5,cmmz38qcj0ylhk42aiil5mt3t,2026-03-20 16:03:03.906,2026-06-02 05:56:46.814,2026-03-20 00:00:00.000,2026-03-20 00:00:00.000,EXTERNAL_SANDS,cmmx43blm0m99lr2a7pr9obz4,COLLECTION,,cmmx3qsjo0m3hlr2aadokxlsb,"",33829.0,33997.0,168.0,68.82,21.84,41.98,,DUMP,ES,cmmx3jxuw0lxllr2azpf4hkqb,ESAD50186,"",false,COMPLETED,cmn4lozly45apk42aec87a7ds,cmojpg8b4a09pnzbg7k04wrtj,,"",cmmxotwj408cmk42abpcugcic,,ALLOCATED,2026-03-25 00:00:00.000,"18e3e5db-cf20-4eba-a198-98109170c02b",,0.57,,c57ed6abfbcf0ab2a45467f7f
Weighbridge,UPDATE equipmentId,cmmyw76wi0scvk42a09x26n7k,"319cfc83-aba9-4fbb-bea8-eecb91a922b7",cmmzcisvj0zs5k42amw341mk8,2026-03-20 20:22:50.288,2026-06-02 05:56:46.814,2026-03-20 00:00:00.000,2026-03-20 00:00:00.000,EXTERNAL_SANDS,cmmx43blm0m99lr2a7pr9obz4,COLLECTION,,cmmx3qsjo0m3hlr2aadokxlsb,,14073.0,14246.0,173.0,60.42,21.26,39.16,,DUMP,ES,cmmx3jxuw0lxllr2azpf4hkqb,ESAD50200,,false,COMPLETED,cmn4mqhkf48a3k42abmu3hb8m,cmojpgew7a0gsnzbgw8lfq7ds,,,cmmyw76wi0scvk42a09x26n7k,,ALLOCATED,2026-03-27 00:00:00.000,"18e3e5db-cf20-4eba-a198-98109170c02b",,0.56,,ce9a89951c32e65848d2980db
Weighbridge,UPDATE equipmentId,cmmxotwj408cmk42abpcugcic,cmmw6cq810hy6lr2axty8k5z5,cmn01pr2e17grk42a19u6p8oe,2026-03-21 08:08:04.934,2026-06-02 05:56:46.814,2026-03-21 00:00:00.000,2026-03-21 00:00:00.000,EXTERNAL_SANDS,cmmx43blm0m99lr2a7pr9obz4,COLLECTION,,cmmx3qsjo0m3hlr2aadokxlsb,"",33997.0,34164.0,167.0,64.32,21.24,43.08,,DUMP,ES,cmmx3jxuw0lxllr2azpf4hkqb,ESAD50213,"",false,COMPLETED,cmn60ql2t0lkllc2aaxkv9sev,cmojpgk9qa0m8nzbgyp8iy7jr,,"",cmmxotwj408cmk42abpcugcic,,ALLOCATED,2026-03-27 00:00:00.000,"18e3e5db-cf20-4eba-a198-98109170c02b",,0.91,,ce9a89951c32e65848d2980db
Weighbridge,UPDATE equipmentId,cmmyw76wi0scvk42a09x26n7k,"319cfc83-aba9-4fbb-bea8-eecb91a922b7",cmn06imws1dfek42a28rcu7g7,2026-03-21 10:22:31.036,2026-06-02 05:56:46.814,2026-03-21 00:00:00.000,2026-03-21 00:00:00.000,EXTERNAL_SANDS,cmmx43blm0m99lr2a7pr9obz4,COLLECTION,,cmmx3qsjo0m3hlr2aadokxlsb,"",14247.0,14427.0,180.0,58.7,21.08,37.62,,DUMP,ES,cmmx3jxuw0lxllr2azpf4hkqb,ESAD50234,"",false,COMPLETED,cmn4mvilb491xk42afnhpwgqh,cmojpge7wa0gbnzbgmrl6fka7,,"",cmmyw76wi0scvk42a09x26n7k,,ALLOCATED,2026-03-27 00:00:00.000,"18e3e5db-cf20-4eba-a198-98109170c02b",,0.39,,ce9a89951c32e65848d2980db
Weighbridge,UPDATE equipmentId,cmmxotwj408cmk42abpcugcic,cmmw6cq810hy6lr2axty8k5z5,cmn0bgewl1f12k42akv2lpbug,2026-03-21 12:40:45.429,2026-06-02 05:56:46.814,2026-03-21 00:00:00.000,2026-03-21 00:00:00.000,EXTERNAL_SANDS,cmmx43blm0m99lr2a7pr9obz4,COLLECTION,,cmmx3qsjo0m3hlr2aadokxlsb,"",34164.0,34328.0,164.0,63.22,21.66,41.56,,DUMP,ES,cmmx3jxuw0lxllr2azpf4hkqb,ESAD50247,"",false,COMPLETED,cmn611a010m5elc2azaphzp1w,cmojpgl1ia0mynzbgdwsn0aw1,,"",cmmxotwj408cmk42abpcugcic,,ALLOCATED,2026-03-27 00:00:00.000,"18e3e5db-cf20-4eba-a198-98109170c02b",,0.26,,ce9a89951c32e65848d2980db
Weighbridge,UPDATE equipmentId,cmmyw76wi0scvk42a09x26n7k,"319cfc83-aba9-4fbb-bea8-eecb91a922b7",cmn0i69kp1lg4k42au6hm0qrb,2026-03-21 15:48:49.273,2026-06-02 05:56:46.814,2026-03-21 00:00:00.000,2026-03-21 00:00:00.000,EXTERNAL_SANDS,cmmx43blm0m99lr2a7pr9obz4,COLLECTION,,cmmx3qsjo0m3hlr2aadokxlsb,"",14427.0,14599.0,172.0,58.16,21.04,37.12,,DUMP,ES,cmmx3jxuw0lxllr2azpf4hkqb,ESAD50278,"",false,COMPLETED,cmn7h6qhg0ycps02a6k93d0fk,cmojpgva6a0tinzbghgh273bh,,"",cmmyw76wi0scvk42a09x26n7k,,ALLOCATED,2026-03-28 00:00:00.000,"18e3e5db-cf20-4eba-a198-98109170c02b",,0.38,,c01741e374a6391ef3a0643fe
Weighbridge,UPDATE equipmentId,cmmxotwj408cmk42abpcugcic,cmmw6cq810hy6lr2axty8k5z5,cmn0luau11lxmk42a2lwvaq2u,2026-03-21 17:31:29.497,2026-06-02 05:56:46.814,2026-03-21 00:00:00.000,2026-03-21 00:00:00.000,EXTERNAL_SANDS,cmmx43blm0m99lr2a7pr9obz4,COLLECTION,,cmmx3qsjo0m3hlr2aadokxlsb,"",34329.0,34496.0,167.0,56.68,20.78,35.9,,DUMP,ES,cmmx3jxuw0lxllr2azpf4hkqb,ESAD50282,"",false,COMPLETED,cmn7h6qhg0ycps02a6k93d0fk,cmojpgvaaa0tonzbg0f9eg9a7,,"",cmmxotwj408cmk42abpcugcic,,ALLOCATED,2026-03-28 00:00:00.000,"18e3e5db-cf20-4eba-a198-98109170c02b",,0.41,,c01741e374a6391ef3a0643fe
Weighbridge,UPDATE equipmentId,cmmyw76wi0scvk42a09x26n7k,"319cfc83-aba9-4fbb-bea8-eecb91a922b7",cmn0sjrn51m4qk42a24obbh0v,2026-03-21 20:39:15.377,2026-06-02 05:56:46.814,2026-03-21 00:00:00.000,2026-03-21 00:00:00.000,EXTERNAL_SANDS,cmmx43blm0m99lr2a7pr9obz4,COLLECTION,,cmmx3qsjo0m3hlr2aadokxlsb,"",14599.0,14770.0,171.0,55.1,21.2,33.9,,DUMP,ES,cmmx3jxuw0lxllr2azpf4hkqb,ESAD50299,"",false,COMPLETED,cmn7hg8810yoys02az6jqx152,cmojpgvyta0ufnzbg5gin1p11,,"",cmmyw76wi0scvk42a09x26n7k,,ALLOCATED,2026-03-28 00:00:00.000,"18e3e5db-cf20-4eba-a198-98109170c02b",,0.91,,c01741e374a6391ef3a0643fe
Weighbridge,UPDATE equipmentId,cmmxotwj408cmk42abpcugcic,cmmw6cq810hy6lr2axty8k5z5,cmn1rv4311wjak42af0v772g3,2026-03-22 13:07:51.278,2026-06-02 05:56:46.814,2026-03-22 00:00:00.000,2026-03-22 00:00:00.000,EXTERNAL_SANDS,cmmx43blm0m99lr2a7pr9obz4,COLLECTION,,cmmx3qsjo0m3hlr2aadokxlsb,"",34495.0,34661.0,166.0,62.08,20.52,41.56,,DUMP,ES,cmmx3jxuw0lxllr2azpf4hkqb,ESAD50359,"",false,COMPLETED,,cmnsin40lam3apb2aj2wb123k,,"",cmmxotwj408cmk42abpcugcic,,ALLOCATED,2026-03-29 00:00:00.000,"18e3e5db-cf20-4eba-a198-98109170c02b",,0.45,,c91deb5a72537562bb1a4ed50
Weighbridge,UPDATE equipmentId,cmn1uoyn61z83k42aobnjhuo9,cmn1ukn7w1yolk42agd5e99u3,cmn1udox51y9hk42aywzo25q4,2026-03-22 14:18:17.321,2026-06-02 05:56:46.814,2026-03-22 00:00:00.000,2026-03-22 00:00:00.000,EXTERNAL_SANDS,cmmx43blm0m99lr2a7pr9obz4,COLLECTION,,cmmx3qsjo0m3hlr2aadokxlsb,,3851.0,4025.0,174.0,61.84,20.64,41.2,,DUMP,ES,cmmx3jxuw0lxllr2azpf4hkqb,ESAD50374,,false,COMPLETED,cmnd50h493vl9s02a4akggidi,cmojphfbua139nzbgk3lv08w5,,,cmn1uoyn61z83k42aobnjhuo9,,ALLOCATED,2026-03-25 00:00:00.000,"18e3e5db-cf20-4eba-a198-98109170c02b",,0.28,,c57ed6abfbcf0ab2a45467f7f
Weighbridge,UPDATE equipmentId,cmmxotwj408cmk42abpcugcic,cmmw6cq810hy6lr2axty8k5z5,cmn1zerql24jck42ayhgu2oko,2026-03-22 16:39:05.709,2026-06-02 05:56:46.814,2026-03-22 00:00:00.000,2026-03-22 00:00:00.000,EXTERNAL_SANDS,cmmx43blm0m99lr2a7pr9obz4,COLLECTION,,cmmx3qsjo0m3hlr2aadokxlsb,"",34661.0,34827.0,166.0,62.16,21.62,40.54,,DUMP,ES,cmmx3jxuw0lxllr2azpf4hkqb,ESAD50388,"",false,COMPLETED,,cmnokq3uw6uv2pb2aau0hmwv9,,"",cmmxotwj408cmk42abpcugcic,,ALLOCATED,2026-03-26 00:00:00.000,"18e3e5db-cf20-4eba-a198-98109170c02b",,0.43,,cf02936152ff17afac0dd740d
Weighbridge,UPDATE equipmentId,cmmyw76wi0scvk42a09x26n7k,"319cfc83-aba9-4fbb-bea8-eecb91a922b7",cmn24bawa24pxk42a25gp4ylw,2026-03-22 18:56:21.994,2026-06-02 05:56:46.814,2026-03-22 00:00:00.000,2026-03-22 00:00:00.000,EXTERNAL_SANDS,cmmx43blm0m99lr2a7pr9obz4,COLLECTION,,cmmx3qsjo0m3hlr2aadokxlsb,"",14943.0,15116.0,173.0,57.32,20.88,36.44,,DUMP,ES,cmmx3jxuw0lxllr2azpf4hkqb,ESAD50407,"",false,COMPLETED,,cmnolccth6vejpb2aj7imkaf7,,"",cmmyw76wi0scvk42a09x26n7k,,ALLOCATED,2026-03-29 00:00:00.000,"18e3e5db-cf20-4eba-a198-98109170c02b",,0.26,,c91deb5a72537562bb1a4ed50
Weighbridge,UPDATE equipmentId,cmmxotwj408cmk42abpcugcic,cmmw6cq810hy6lr2axty8k5z5,cmn2zq0at2mo6k42a9d97ubb8,2026-03-23 09:35:36.197,2026-06-02 05:56:46.814,2026-03-23 00:00:00.000,2026-03-23 00:00:00.000,EXTERNAL_SANDS,cmmx43blm0m99lr2a7pr9obz4,COLLECTION,,cmmx3qsjo0m3hlr2aadokxlsb,"",34827.0,34993.0,166.0,61.32,21.54,39.78,,DUMP,ES,cmmx3jxuw0lxllr2azpf4hkqb,ESAD50449,"",false,COMPLETED,,cmnom0mor6we9pb2awqfd7v5h,,"",cmmxotwj408cmk42abpcugcic,,ALLOCATED,2026-03-31 00:00:00.000,"18e3e5db-cf20-4eba-a198-98109170c02b",,0.43,,c6e674061e0ec140aaadc25ae
Weighbridge,UPDATE equipmentId,cmmyw76wi0scvk42a09x26n7k,"319cfc83-aba9-4fbb-bea8-eecb91a922b7",cmn32qlv42w61k42azlyo52ac,2026-03-23 11:00:02.992,2026-06-02 05:56:46.814,2026-03-23 00:00:00.000,2026-03-23 00:00:00.000,EXTERNAL_SANDS,cmfchhzos0002jx02tvj3y154,COLLECTION,,cmddcim67003pskfjqy1ye349,"",15116.0,15264.0,148.0,60.94,20.7,40.24,,PARTNER_SANDS,ES,cmevuzq5b0012sk6qfyxc08rv,ESBS50466,"",false,COMPLETED,cmn7gq42z0y0ws02ad0vx0s9s,cmojpgtppa0s0nzbgiyj2z2si,,"",cmmyw76wi0scvk42a09x26n7k,,ALLOCATED,2026-03-24 00:00:00.000,"18e3e5db-cf20-4eba-a198-98109170c02b",,2.5,,ce6fb0f3442332c35147d4b8d
Weighbridge,UPDATE equipmentId,cmmxotwj408cmk42abpcugcic,cmmw6cq810hy6lr2axty8k5z5,cmn38cryz38a8k42a0l8pbk3q,2026-03-23 13:37:15.419,2026-06-02 05:56:46.814,2026-03-23 00:00:00.000,2026-03-23 00:00:00.000,EXTERNAL_SANDS,cmmx43blm0m99lr2a7pr9obz4,COLLECTION,,cmmx3qsjo0m3hlr2aadokxlsb,"",34993.0,35158.0,165.0,59.84,21.52,38.32,,DUMP,ES,cmmx3jxuw0lxllr2azpf4hkqb,ESAD50491,"",false,COMPLETED,,cmnpn2p597nqipb2awfz1zp61,,"",cmmxotwj408cmk42abpcugcic,,ALLOCATED,2026-04-01 00:00:00.000,"18e3e5db-cf20-4eba-a198-98109170c02b",,0.44,,c02859bbf37730ba1c4286f9a
Weighbridge,UPDATE equipmentId,cmn3aqjzu3gaik42aq9qs8mqb,cmn0fbm7m1j15k42a18z4cj1f,cmn3a0a143fkfk42au5yl20u5,2026-03-23 14:23:31.528,2026-06-02 05:56:46.814,2026-03-23 00:00:00.000,2026-03-23 00:00:00.000,EXTERNAL_SANDS,cmmx43blm0m99lr2a7pr9obz4,COLLECTION,,cmmx3qsjo0m3hlr2aadokxlsb,,4514.0,4678.0,164.0,60.22,20.48,39.74,,DUMP,ES,cmmx3jxuw0lxllr2azpf4hkqb,ESAD50493,,false,COMPLETED,,cmnpn2p5i7nqmpb2amj95p88y,,,cmn3aqjzu3gaik42aq9qs8mqb,,ALLOCATED,2026-04-01 00:00:00.000,"18e3e5db-cf20-4eba-a198-98109170c02b",,0.64,,c02859bbf37730ba1c4286f9a
Weighbridge,UPDATE equipmentId,cmmxotwj408cmk42abpcugcic,cmmw6cq810hy6lr2axty8k5z5,cmn3p37zy3mvyk42azzqasuwt,2026-03-23 21:25:43.102,2026-06-02 05:56:46.814,2026-03-23 00:00:00.000,2026-03-23 00:00:00.000,EXTERNAL_SANDS,cmmx43blm0m99lr2a7pr9obz4,COLLECTION,,cmmx3qsjo0m3hlr2aadokxlsb,"",35158.0,35323.0,165.0,62.36,20.58,41.78,,DUMP,ES,cmmx3jxuw0lxllr2azpf4hkqb,ESAD50535,"",false,COMPLETED,,cmnpojfgb7p3opb2a6d2glwkf,,"",cmmxotwj408cmk42abpcugcic,,ALLOCATED,2026-04-02 00:00:00.000,"18e3e5db-cf20-4eba-a198-98109170c02b",,0.57,,cda95f342a294254f8c8aec11
Weighbridge,UPDATE equipmentId,cmmyw76wi0scvk42a09x26n7k,"319cfc83-aba9-4fbb-bea8-eecb91a922b7",cmn49xixb3rysk42an5epnc79,2026-03-24 07:09:09.263,2026-06-02 05:56:46.814,2026-03-24 00:00:00.000,2026-03-24 00:00:00.000,EXTERNAL_SANDS,cmmx43blm0m99lr2a7pr9obz4,COLLECTION,,cmmx3qsjo0m3hlr2aadokxlsb,"",15436.0,15613.0,177.0,57.42,20.66,36.76,,DUMP,ES,cmmx3jxuw0lxllr2azpf4hkqb,ESAD50561,"",false,COMPLETED,,cmnpojfgr7p42pb2a6b2ql5u0,,"",cmmyw76wi0scvk42a09x26n7k,,ALLOCATED,2026-04-02 00:00:00.000,"18e3e5db-cf20-4eba-a198-98109170c02b",,0.31,,cda95f342a294254f8c8aec11
Weighbridge,UPDATE equipmentId,cmmxotwj408cmk42abpcugcic,cmmw6cq810hy6lr2axty8k5z5,cmn4ix0lg43u8k42anhg4h235,2026-03-24 11:20:42.052,2026-06-02 05:56:46.814,2026-03-24 00:00:00.000,2026-03-24 00:00:00.000,EXTERNAL_SANDS,cmmx43blm0m99lr2a7pr9obz4,COLLECTION,,cmmx3qsjo0m3hlr2aadokxlsb,"",35323.0,35489.0,166.0,64.12,21.56,42.56,,DUMP,ES,cmmx3jxuw0lxllr2azpf4hkqb,ESAD50594,"",false,COMPLETED,cmoibwe1o84nenzbgh7prrewd,ca6b8218f8d2a0c8ba1b1ff65,,"",cmmxotwj408cmk42abpcugcic,,ALLOCATED,2026-03-30 00:00:00.000,"18e3e5db-cf20-4eba-a198-98109170c02b",,,,cfe7c621baeed8a58f8369bdd
Weighbridge,UPDATE equipmentId,cmmyw76wi0scvk42a09x26n7k,"319cfc83-aba9-4fbb-bea8-eecb91a922b7",cmn4ktvst44yrk42ayblo6fro,2026-03-24 12:14:15.101,2026-06-02 05:56:46.814,2026-03-24 00:00:00.000,2026-03-24 00:00:00.000,EXTERNAL_SANDS,cmmx43blm0m99lr2a7pr9obz4,COLLECTION,,cmmx3qsjo0m3hlr2aadokxlsb,"",15613.0,15784.0,171.0,58.36,20.74,37.62,,DUMP,ES,cmmx3jxuw0lxllr2azpf4hkqb,ESAD50602,"",false,COMPLETED,,cmnppbuk57pkdpb2az9sfusgv,,"",cmmyw76wi0scvk42a09x26n7k,,ALLOCATED,2026-03-30 00:00:00.000,"18e3e5db-cf20-4eba-a198-98109170c02b",,0.68,,cfe7c621baeed8a58f8369bdd
Weighbridge,UPDATE equipmentId,cmmxotwj408cmk42abpcugcic,cmmw6cq810hy6lr2axty8k5z5,cmn4tiliu4wm9k42aeyr1xra7,2026-03-24 16:17:25.110,2026-06-02 05:56:46.814,2026-03-24 00:00:00.000,2026-03-24 00:00:00.000,EXTERNAL_SANDS,cmmx43blm0m99lr2a7pr9obz4,COLLECTION,,cmmx3qsjo0m3hlr2aadokxlsb,"",35489.0,35656.0,167.0,63.6,21.52,42.08,,DUMP,ES,cmmx3jxuw0lxllr2azpf4hkqb,ESAD50630,"",false,COMPLETED,cmoice04z86e3nzbgyferp3no,ca88207da4ecb5b569d19b6f8,,"",cmmxotwj408cmk42abpcugcic,,ALLOCATED,2026-04-02 00:00:00.000,"18e3e5db-cf20-4eba-a198-98109170c02b",,,,cda95f342a294254f8c8aec11
Weighbridge,UPDATE equipmentId,cmmxotwj408cmk42abpcugcic,cmmw6cq810hy6lr2axty8k5z5,cmn5a6anu01kqlc2a339m6q58,2026-03-25 00:03:44.634,2026-06-02 05:56:46.814,2026-03-24 00:00:00.000,2026-03-24 00:00:00.000,EXTERNAL_SANDS,cmmx43blm0m99lr2a7pr9obz4,COLLECTION,,cmmx3qsjo0m3hlr2aadokxlsb,"",35655.0,35822.0,167.0,62.24,20.62,41.62,,DUMP,ES,cmmx3jxuw0lxllr2azpf4hkqb,ESAD50673,"",false,COMPLETED,,cmnsho90hajqkpb2a540nmppx,,"",cmmxotwj408cmk42abpcugcic,,ALLOCATED,2026-04-02 00:00:00.000,"18e3e5db-cf20-4eba-a198-98109170c02b",,0.63,,cda95f342a294254f8c8aec11
Weighbridge,UPDATE equipmentId,cmmxotwj408cmk42abpcugcic,cmmw6cq810hy6lr2axty8k5z5,cmn5s1n2y0dwplc2al7akmr6o,2026-03-25 08:24:00.538,2026-06-02 05:56:46.814,2026-03-25 00:00:00.000,2026-03-25 00:00:00.000,EXTERNAL_SANDS,cmmx43blm0m99lr2a7pr9obz4,COLLECTION,,cmmx3qsjo0m3hlr2aadokxlsb,"",35822.0,35988.0,166.0,61.34,21.54,39.8,,DUMP,ES,cmmx3jxuw0lxllr2azpf4hkqb,ESAD50700,"",false,COMPLETED,,cmntylwwtbfnwpb2arwf9h9wu,,"",cmmxotwj408cmk42abpcugcic,,ALLOCATED,2026-04-03 00:00:00.000,"18e3e5db-cf20-4eba-a198-98109170c02b",,0.56,,ccf454a494ffc6eab8bbd6225
Weighbridge,UPDATE equipmentId,cmmxotwj408cmk42abpcugcic,cmmw6cq810hy6lr2axty8k5z5,cmn62ms8h0rd9lc2a2tabybq4,2026-03-25 13:20:23.153,2026-06-02 05:56:46.814,2026-03-25 00:00:00.000,2026-03-25 00:00:00.000,EXTERNAL_SANDS,cmmx43blm0m99lr2a7pr9obz4,COLLECTION,,cmmx3qsjo0m3hlr2aadokxlsb,"",35988.0,36153.0,165.0,65.88,21.46,44.42,,DUMP,ES,cmmx3jxuw0lxllr2azpf4hkqb,ESAD50738,"",false,COMPLETED,,cmnsjnqj4am8ypb2ap31lo72w,,"",cmmxotwj408cmk42abpcugcic,,ALLOCATED,2026-04-03 00:00:00.000,"18e3e5db-cf20-4eba-a198-98109170c02b",,0.38,,ccf454a494ffc6eab8bbd6225
Weighbridge,UPDATE equipmentId,cmmyw76wi0scvk42a09x26n7k,"319cfc83-aba9-4fbb-bea8-eecb91a922b7",cmn661h4t01s9s02asctihw0i,2026-03-25 14:55:47.453,2026-06-02 05:56:46.814,2026-03-25 00:00:00.000,2026-03-25 00:00:00.000,EXTERNAL_SANDS,cmmx43blm0m99lr2a7pr9obz4,COLLECTION,,cmmx3qsjo0m3hlr2aadokxlsb,"",16148.0,16320.0,172.0,61.78,20.4,41.38,,DUMP,ES,cmmx3jxuw0lxllr2azpf4hkqb,ESAD50749,"",false,COMPLETED,,cmntylwx4bfo8pb2akg9cqtrc,,"",cmmyw76wi0scvk42a09x26n7k,,ALLOCATED,2026-04-03 00:00:00.000,"18e3e5db-cf20-4eba-a198-98109170c02b",,0.43,,ccf454a494ffc6eab8bbd6225
Weighbridge,UPDATE equipmentId,cmmxotwj408cmk42abpcugcic,cmmw6cq810hy6lr2axty8k5z5,cmn6c71hk0a1ns02a2xvrlnw9,2026-03-25 17:48:04.808,2026-06-02 05:56:46.814,2026-03-25 00:00:00.000,2026-03-25 00:00:00.000,EXTERNAL_SANDS,cmmx43blm0m99lr2a7pr9obz4,COLLECTION,,cmmx3qsjo0m3hlr2aadokxlsb,"",36152.0,36318.0,166.0,65.22,21.6,43.62,,DUMP,ES,cmmx3jxuw0lxllr2azpf4hkqb,ESAD50762,"",false,COMPLETED,cmoqtiiq047dxpiazpiphwfve,c6ede5a25d45ad07fbc62bfd1,,"",cmmxotwj408cmk42abpcugcic,,ALLOCATED,2026-04-04 00:00:00.000,"18e3e5db-cf20-4eba-a198-98109170c02b",,,,c7d9ae1b81d53576222ced262
Weighbridge,UPDATE equipmentId,cmmxotwj408cmk42abpcugcic,cmmw6cq810hy6lr2axty8k5z5,cmn7j3lgj11a2s02aq59zg52h,2026-03-26 13:49:07.555,2026-06-02 05:56:46.814,2026-03-26 00:00:00.000,2026-03-26 00:00:00.000,EXTERNAL_SANDS,cmmx43blm0m99lr2a7pr9obz4,COLLECTION,,cmmx3qsjo0m3hlr2aadokxlsb,"",36318.0,36493.0,175.0,66.84,21.58,45.26,,DUMP,ES,cmmx3jxuw0lxllr2azpf4hkqb,ESAD50804,"",false,COMPLETED,cmoqv0eq64pxwpiaz79nqnfxu,c6ceb2b0ccaa3d8aa1a93e893,,"",cmmxotwj408cmk42abpcugcic,,ALLOCATED,2026-04-04 00:00:00.000,"18e3e5db-cf20-4eba-a198-98109170c02b",,,,c7d9ae1b81d53576222ced262
Weighbridge,UPDATE equipmentId,cmmyw76wi0scvk42a09x26n7k,"319cfc83-aba9-4fbb-bea8-eecb91a922b7",cmn7p6xei134cs02addego5mb,2026-03-26 16:39:40.698,2026-06-02 05:56:46.814,2026-03-26 00:00:00.000,2026-03-26 00:00:00.000,EXTERNAL_SANDS,cmmx43blm0m99lr2a7pr9obz4,COLLECTION,,cmmx3qsjo0m3hlr2aadokxlsb,"",16491.0,16673.0,182.0,61.56,20.54,41.02,,DUMP,ES,cmmx3jxuw0lxllr2azpf4hkqb,ESAD50824,"",false,COMPLETED,cmoqub9714fjbpiazcbygtu12,c65ffbdc91408d92c0862882f,,"",cmmyw76wi0scvk42a09x26n7k,,ALLOCATED,2026-04-05 00:00:00.000,"18e3e5db-cf20-4eba-a198-98109170c02b",,,,c2ecfda8f9e50bb2459e10e12
Weighbridge,UPDATE equipmentId,cmmxotwj408cmk42abpcugcic,cmmw6cq810hy6lr2axty8k5z5,cmn7qvie413bms02aqs1u2cdl,2026-03-26 17:26:47.260,2026-06-02 05:56:46.814,2026-03-26 00:00:00.000,2026-03-26 00:00:00.000,EXTERNAL_SANDS,cmmx43blm0m99lr2a7pr9obz4,COLLECTION,,cmmx3qsjo0m3hlr2aadokxlsb,"",36493.0,36658.0,165.0,60.22,21.42,38.8,,DUMP,ES,cmmx3jxuw0lxllr2azpf4hkqb,ESAD50846,"",false,COMPLETED,cmoqu4y4l4dywpiazoa3zuz3j,c89ff7bacad8c760ae77b5e1a,,"",cmmxotwj408cmk42abpcugcic,,ALLOCATED,2026-04-05 00:00:00.000,"18e3e5db-cf20-4eba-a198-98109170c02b",,,,c2ecfda8f9e50bb2459e10e12
Weighbridge,UPDATE equipmentId,cmmyw76wi0scvk42a09x26n7k,"319cfc83-aba9-4fbb-bea8-eecb91a922b7",cmn7v514z165vs02ak0pudpz0,2026-03-26 19:26:09.923,2026-06-02 05:56:46.814,2026-03-26 00:00:00.000,2026-03-26 00:00:00.000,EXTERNAL_SANDS,cmmx43blm0m99lr2a7pr9obz4,COLLECTION,,cmmx3qsjo0m3hlr2aadokxlsb,"",16673.0,16843.0,170.0,54.58,20.66,33.92,,DUMP,ES,cmmx3jxuw0lxllr2azpf4hkqb,ESAD50865,"",false,COMPLETED,cmoqu4y4l4dywpiazoa3zuz3j,ce4d6e158c841a2bbfd2cf55c,,"",cmmyw76wi0scvk42a09x26n7k,,ALLOCATED,2026-04-05 00:00:00.000,"18e3e5db-cf20-4eba-a198-98109170c02b",,,,c2ecfda8f9e50bb2459e10e12
Weighbridge,UPDATE equipmentId,cmmxotwj408cmk42abpcugcic,cmmw6cq810hy6lr2axty8k5z5,cmn8j498m1d5os02abar85mfw,2026-03-27 06:37:24.550,2026-06-02 05:56:46.814,2026-03-27 00:00:00.000,2026-03-27 00:00:00.000,EXTERNAL_SANDS,cmmx43blm0m99lr2a7pr9obz4,COLLECTION,,cmmx3qsjo0m3hlr2aadokxlsb,"",36540.0,36640.0,100.0,59.8,21.58,38.22,,DUMP,ES,cmmx3jxuw0lxllr2azpf4hkqb,ESAD50874,"",false,COMPLETED,cmoqv9eii4qgupiaz2nf295eq,c4ca0a441df8e11fd3d654901,,"",cmmxotwj408cmk42abpcugcic,,ALLOCATED,2026-04-05 00:00:00.000,"18e3e5db-cf20-4eba-a198-98109170c02b",,0.29,,c2ecfda8f9e50bb2459e10e12
Weighbridge,UPDATE equipmentId,cmmyw76wi0scvk42a09x26n7k,"319cfc83-aba9-4fbb-bea8-eecb91a922b7",cmn8weyr91uocs02aoig76men,2026-03-27 12:49:39.189,2026-06-02 05:56:46.814,2026-03-27 00:00:00.000,2026-03-27 00:00:00.000,EXTERNAL_SANDS,cmmx43blm0m99lr2a7pr9obz4,COLLECTION,,cmmx3qsjo0m3hlr2aadokxlsb,"",16845.0,17022.0,177.0,59.5,20.64,38.86,,DUMP,ES,cmmx3jxuw0lxllr2azpf4hkqb,ESAD50917,"",false,COMPLETED,cmoqvu3yo4tcxpiazqcr0k48t,c4002f65071689ab6325757b7,,"",cmmyw76wi0scvk42a09x26n7k,,ALLOCATED,2026-04-06 00:00:00.000,"18e3e5db-cf20-4eba-a198-98109170c02b",,,,c007ed126d8eadfab5ddcc037
Weighbridge,UPDATE equipmentId,cmmxotwj408cmk42abpcugcic,cmmw6cq810hy6lr2axty8k5z5,cmn8wiuqx1urms02az8gzk72m,2026-03-27 12:52:40.617,2026-06-02 05:56:46.814,2026-03-27 00:00:00.000,2026-03-27 00:00:00.000,EXTERNAL_SANDS,cmmx43blm0m99lr2a7pr9obz4,COLLECTION,,cmmx3qsjo0m3hlr2aadokxlsb,"",36823.0,36988.0,165.0,63.92,21.52,42.4,,DUMP,ES,cmmx3jxuw0lxllr2azpf4hkqb,ESAD50920,"",false,COMPLETED,cmoqvu3yo4tcxpiazqcr0k48t,c56c2a92abe0c8858696332a4,,"",cmmxotwj408cmk42abpcugcic,,ALLOCATED,2026-04-06 00:00:00.000,"18e3e5db-cf20-4eba-a198-98109170c02b",,0.69,,c007ed126d8eadfab5ddcc037
Weighbridge,UPDATE equipmentId,cmmyw76wi0scvk42a09x26n7k,"319cfc83-aba9-4fbb-bea8-eecb91a922b7",cmn9iab6w1yaus02axxfu4vu3,2026-03-27 23:01:53.576,2026-06-02 05:56:46.814,2026-03-27 00:00:00.000,2026-03-27 00:00:00.000,EXTERNAL_SANDS,cmmx43blm0m99lr2a7pr9obz4,COLLECTION,,cmmx3qsjo0m3hlr2aadokxlsb,"",17022.0,17193.0,171.0,61.66,20.52,41.14,,DUMP,ES,cmmx3jxuw0lxllr2azpf4hkqb,ESAD50957,"",false,COMPLETED,cmoqw70y24w7bpiazyy1j4kce,cf8fd0ac36fb0c06797157833,,"",cmmyw76wi0scvk42a09x26n7k,,ALLOCATED,2026-04-07 00:00:00.000,"18e3e5db-cf20-4eba-a198-98109170c02b",,,,c480c16f7b9565c0e3160128e
Weighbridge,UPDATE equipmentId,cmmxotwj408cmk42abpcugcic,cmmw6cq810hy6lr2axty8k5z5,cmn9ifz4f1yb6s02alwispfrl,2026-03-27 23:06:17.871,2026-06-02 05:56:46.814,2026-03-27 00:00:00.000,2026-03-27 00:00:00.000,EXTERNAL_SANDS,cmmx43blm0m99lr2a7pr9obz4,COLLECTION,,cmmx3qsjo0m3hlr2aadokxlsb,"",36996.0,37154.0,158.0,65.58,21.76,43.82,,DUMP,ES,cmmx3jxuw0lxllr2azpf4hkqb,ESAD50960,"",false,COMPLETED,cmoqvm2q44rympiazh6c25l9e,c1a4bfd347923ace95512f264,,"",cmmxotwj408cmk42abpcugcic,,ALLOCATED,2026-04-08 00:00:00.000,"18e3e5db-cf20-4eba-a198-98109170c02b",,,,cd7c57297fe94e0539c1de190
Weighbridge,UPDATE equipmentId,cmmyw76wi0scvk42a09x26n7k,"319cfc83-aba9-4fbb-bea8-eecb91a922b7",cmnc9qj3w3e21s02a31ykxyo2,2026-03-29 21:25:52.317,2026-06-02 05:56:46.814,2026-03-29 00:00:00.000,2026-03-29 00:00:00.000,EXTERNAL_SANDS,cmnc6j63b3dnis02axll7e98h,COLLECTION,,cmncnyz4k3gizs02agyvnnxko,,17193.0,17680.0,487.0,55.62,20.56,35.06,,PARTNER_SANDS,ES,cmevuzq5b0012sk6qfyxc08rv,ESBS51057,,false,COMPLETED,cmng3nzh75eips02a3o814x9q,cmojpkvk6a1yhnzbgprwfs4dn,,,cmmyw76wi0scvk42a09x26n7k,,ALLOCATED,2026-04-02 00:00:00.000,"18e3e5db-cf20-4eba-a198-98109170c02b",,2.11,,cda95f342a294254f8c8aec11
Weighbridge,UPDATE equipmentId,cmmyw76wi0scvk42a09x26n7k,"319cfc83-aba9-4fbb-bea8-eecb91a922b7",cmneqr2oi4q0zs02ayydnu41o,2026-03-31 14:57:43.506,2026-06-02 05:56:46.814,2026-03-31 00:00:00.000,2026-03-31 00:00:00.000,EXTERNAL_SANDS,cmklcos5k00sgju02vviwukgb,COLLECTION,,cmh24hp4i0001jv02juok7kep,"5lSSP129",17680.0,17793.0,113.0,55.78,20.58,35.2,,OTHER_SANDS,ES,cmevuzq5b000nsk6qo5qvogro,ESPC51120,"",false,COMPLETED,,cmno7mg6u69t6pb2aojiyuwyd,,"",cmmyw76wi0scvk42a09x26n7k,,ALLOCATED,2026-04-07 00:00:00.000,"18e3e5db-cf20-4eba-a198-98109170c02b",,0.47,,c480c16f7b9565c0e3160128e
Weighbridge,UPDATE equipmentId,cmmyw76wi0scvk42a09x26n7k,"319cfc83-aba9-4fbb-bea8-eecb91a922b7",cmng7rh2e0g1bpb2adw9rhrc8,2026-04-01 15:41:41.798,2026-06-02 05:56:46.814,2026-04-01 00:00:00.000,2026-04-01 00:00:00.000,EXTERNAL_SANDS,cmmx43blm0m99lr2a7pr9obz4,COLLECTION,,cmmx3qsjo0m3hlr2aadokxlsb,"",17808.0,17965.0,157.0,58.1,20.56,38.16,,DUMP,ES,cmmx3jxuw0lxllr2azpf4hkqb,ESAD51177,"",false,COMPLETED,cmoqxgpod51xepiazr3ylnz0k,c223e56bb1578e094ccca531f,,"",cmmyw76wi0scvk42a09x26n7k,,ALLOCATED,2026-04-09 00:00:00.000,"18e3e5db-cf20-4eba-a198-98109170c02b",,0.43,,c799329b581acb3d4a99224cc
Weighbridge,UPDATE equipmentId,cmmxotwj408cmk42abpcugcic,cmmw6cq810hy6lr2axty8k5z5,cmnghkokq0inwpb2atxvcqy94,2026-04-01 20:16:21.098,2026-06-02 05:56:46.814,2026-04-01 00:00:00.000,2026-04-01 00:00:00.000,EXTERNAL_SANDS,cmmx43blm0m99lr2a7pr9obz4,COLLECTION,,cmmx3qsjo0m3hlr2aadokxlsb,"",37169.0,37335.0,166.0,62.14,21.84,39.82,,DUMP,ES,cmmx3jxuw0lxllr2azpf4hkqb,ESAD51186,"",false,COMPLETED,cmoqxidis52a4piazajsyqohh,cc40279d6e5c68bc9c4dea3c1,,"",cmmxotwj408cmk42abpcugcic,,ALLOCATED,2026-04-09 00:00:00.000,"18e3e5db-cf20-4eba-a198-98109170c02b",,0.49,,c799329b581acb3d4a99224cc
Weighbridge,UPDATE equipmentId,cmmyw76wi0scvk42a09x26n7k,"319cfc83-aba9-4fbb-bea8-eecb91a922b7",cmnheqq920xybpb2amdd0t1u7,2026-04-02 11:44:50.534,2026-06-02 05:56:46.814,2026-04-02 00:00:00.000,2026-04-02 00:00:00.000,EXTERNAL_SANDS,cmmx43blm0m99lr2a7pr9obz4,COLLECTION,,cmmx3qsjo0m3hlr2aadokxlsb,"",18050.0,18135.0,85.0,56.3,20.54,38.36,,DUMP,ES,cmmx3jxuw0lxllr2azpf4hkqb,ESAD51244,"",false,COMPLETED,cmoqxwp0d56qjpiaz8bumxk25,c3c0152ea6af4b2d709317d00,,"",cmmyw76wi0scvk42a09x26n7k,,ALLOCATED,2026-04-10 00:00:00.000,"18e3e5db-cf20-4eba-a198-98109170c02b",,0.54,,cd6b7baafc6396e03e008c3cc
Weighbridge,UPDATE equipmentId,cmmxotwj408cmk42abpcugcic,cmmw6cq810hy6lr2axty8k5z5,cmnhfk19g0z36pb2a272z32gc,2026-04-02 12:07:37.828,2026-06-02 05:56:46.814,2026-04-02 00:00:00.000,2026-04-02 00:00:00.000,EXTERNAL_SANDS,cmmx43blm0m99lr2a7pr9obz4,COLLECTION,,cmmx3qsjo0m3hlr2aadokxlsb,"",37335.0,37500.0,165.0,59.14,22.08,36.24,,DUMP,ES,cmmx3jxuw0lxllr2azpf4hkqb,ESAD51247,"",false,COMPLETED,cmoqxwp0d56qjpiaz8bumxk25,cbb4fd19317ee9a79cfdd92a2,,"",cmmxotwj408cmk42abpcugcic,,ALLOCATED,2026-04-10 00:00:00.000,"18e3e5db-cf20-4eba-a198-98109170c02b",,0.49,,cd6b7baafc6396e03e008c3cc
Weighbridge,UPDATE equipmentId,cmmyw76wi0scvk42a09x26n7k,"319cfc83-aba9-4fbb-bea8-eecb91a922b7",cmnhpx3l01og0pb2alscmu1h2,2026-04-02 16:57:43.524,2026-06-02 05:56:46.814,2026-04-02 00:00:00.000,2026-04-02 00:00:00.000,EXTERNAL_SANDS,cmmx43blm0m99lr2a7pr9obz4,COLLECTION,,cmmx3qsjo0m3hlr2aadokxlsb,"",18135.0,18306.0,171.0,59.18,20.7,42.54,,DUMP,ES,cmmx3jxuw0lxllr2azpf4hkqb,ESAD51291,"",false,COMPLETED,cmoqxmwyi52vlpiaz52944hc3,c7050348db8eb01a1738e09d9,,"",cmmyw76wi0scvk42a09x26n7k,,ALLOCATED,2026-04-11 00:00:00.000,"18e3e5db-cf20-4eba-a198-98109170c02b",,0.29,,c6818ac01265974f97b0a3a0f
Weighbridge,UPDATE equipmentId,cmmxotwj408cmk42abpcugcic,cmmw6cq810hy6lr2axty8k5z5,cmnhq2n381oi4pb2a106k8h7u,2026-04-02 17:02:02.084,2026-06-02 05:56:46.814,2026-04-02 00:00:00.000,2026-04-02 00:00:00.000,EXTERNAL_SANDS,cmmx43blm0m99lr2a7pr9obz4,COLLECTION,,cmmx3qsjo0m3hlr2aadokxlsb,"",37500.0,37664.0,164.0,67.14,21.7,38.48,,DUMP,ES,cmmx3jxuw0lxllr2azpf4hkqb,ESAD51292,"",false,COMPLETED,cmoqxkkwd52jwpiazv3dacqlv,c779c478f434149f1297a1daf,,"",cmmxotwj408cmk42abpcugcic,,ALLOCATED,2026-04-11 00:00:00.000,"18e3e5db-cf20-4eba-a198-98109170c02b",,0.25,,c6818ac01265974f97b0a3a0f
Weighbridge,UPDATE equipmentId,cmmyw76wi0scvk42a09x26n7k,"319cfc83-aba9-4fbb-bea8-eecb91a922b7",cmnixi44p2t3hpb2a8nezsl6r,2026-04-03 13:17:47.497,2026-06-02 05:56:46.814,2026-04-03 00:00:00.000,2026-04-03 00:00:00.000,EXTERNAL_SANDS,cma0sedzt01f4intz3atg2o7j,COLLECTION,,cmmx3qsjo0m3hlr2aadokxlsb,"",18306.0,18489.0,183.0,57.72,20.66,21.86,,DUMP,ES,cmevuzq5b0007sk6qntzsdcby,ESAD51368,"",false,COMPLETED,cmoqy41b657ncpiaz3ng3caip,c271a9dd9ee0f2064416b1e30,,"",cmmyw76wi0scvk42a09x26n7k,,ALLOCATED,2026-04-11 00:00:00.000,"18e3e5db-cf20-4eba-a198-98109170c02b",,0.24,,c6818ac01265974f97b0a3a0f
Weighbridge,UPDATE equipmentId,cmmxotwj408cmk42abpcugcic,cmmw6cq810hy6lr2axty8k5z5,cmnj2x5ii32z8pb2aaxtqeknl,2026-04-03 15:49:27.210,2026-06-02 05:56:46.814,2026-04-03 00:00:00.000,2026-04-03 00:00:00.000,EXTERNAL_SANDS,cmmx43blm0m99lr2a7pr9obz4,COLLECTION,,cmmx3qsjo0m3hlr2aadokxlsb,"",37644.0,37879.0,235.0,67.1,20.68,39.62,,DUMP,ES,cmmx3jxuw0lxllr2azpf4hkqb,ESAD51400,"",false,COMPLETED,,c066dc77ed3af59a2edfbf286,,"",cmmxotwj408cmk42abpcugcic,,ALLOCATED,2026-04-12 00:00:00.000,"18e3e5db-cf20-4eba-a198-98109170c02b",,0.39,,cf1a65644ff54558e6b30081e
Weighbridge,UPDATE equipmentId,cmmxotwj408cmk42abpcugcic,cmmw6cq810hy6lr2axty8k5z5,cmnk7w0iv3qxlpb2adsxomidh,2026-04-04 10:56:18.343,2026-06-02 05:56:46.814,2026-04-04 00:00:00.000,2026-04-04 00:00:00.000,EXTERNAL_SANDS,cmmx43blm0m99lr2a7pr9obz4,COLLECTION,,cmmx3qsjo0m3hlr2aadokxlsb,"",37839.0,38004.0,165.0,63.36,21.66,43.32,,DUMP,ES,cmmx3jxuw0lxllr2azpf4hkqb,ESAD51434,"",false,COMPLETED,,cmnrh843y9q53pb2ac5ezzzps,,"",cmmxotwj408cmk42abpcugcic,,ALLOCATED,2026-04-12 00:00:00.000,"18e3e5db-cf20-4eba-a198-98109170c02b",,0.5,,cf1a65644ff54558e6b30081e
Weighbridge,UPDATE equipmentId,cmmyw76wi0scvk42a09x26n7k,"319cfc83-aba9-4fbb-bea8-eecb91a922b7",cmnkaw6n23ra4pb2aqnvm97zo,2026-04-04 12:20:25.118,2026-06-02 05:56:46.814,2026-04-04 00:00:00.000,2026-04-04 00:00:00.000,EXTERNAL_SANDS,cmmx43blm0m99lr2a7pr9obz4,COLLECTION,,cmmx3qsjo0m3hlr2aadokxlsb,"",18489.0,18663.0,174.0,56.88,20.4,36.48,,DUMP,ES,cmmx3jxuw0lxllr2azpf4hkqb,ESAD51442,"",false,COMPLETED,,cmnrhbs1i9qn6pb2ah63cnucq,,"",cmmyw76wi0scvk42a09x26n7k,,ALLOCATED,2026-04-13 00:00:00.000,"18e3e5db-cf20-4eba-a198-98109170c02b",,0.53,,ca7bff18a4becbe8fc2fe3a00
Weighbridge,UPDATE equipmentId,cmmyw76wi0scvk42a09x26n7k,"319cfc83-aba9-4fbb-bea8-eecb91a922b7",cmnuaeijzbob5pb2aknxmmrzb,2026-04-11 12:04:22.510,2026-06-02 05:56:46.814,2026-04-11 00:00:00.000,2026-04-11 00:00:00.000,EXTERNAL_SANDS,cma0sedzt01f4intz3atg2o7j,COLLECTION,,cmh24hp4i0001jv02juok7kep,"5ESBS695",18834.0,18974.0,140.0,44.94,20.6,23.5,,DUMP,ES,cmevuzq5b0007sk6qntzsdcby,ESPC51681,"",false,COMPLETED,,cmnzmlcmag1n7pb2an8d05xd6,,"",cmmyw76wi0scvk42a09x26n7k,,ALLOCATED,2026-04-13 00:00:00.000,"18e3e5db-cf20-4eba-a198-98109170c02b",,0.44,,ca7bff18a4becbe8fc2fe3a00
Weighbridge,UPDATE equipmentId,cmmxotwj408cmk42abpcugcic,cmmw6cq810hy6lr2axty8k5z5,cmnufyqhvbs4upb2ai9z1hhat,2026-04-11 14:40:04.003,2026-06-02 05:56:46.814,2026-04-11 00:00:00.000,2026-04-11 00:00:00.000,EXTERNAL_SANDS,cmnti56sxb7h4pb2aguh9cy4o,COLLECTION,,cmddchwc80032skfjyg02d1wu,"",38169.0,38254.0,85.0,62.74,21.82,38.78,,PARTNER_SANDS,ES,cmevuzq5b0012sk6qfyxc08rv,ESBS51689,"",false,COMPLETED,cmoqs37vn45cppiaz9gq6ef8q,cmpb6ru80c9r6pabfawstai98,,"",cmmxotwj408cmk42abpcugcic,,ALLOCATED,2026-04-24 00:00:00.000,"18e3e5db-cf20-4eba-a198-98109170c02b",,19.31,,cmpc5y1jjdf4qpabf9gr6cf5b
Weighbridge,UPDATE equipmentId,cmmyw76wi0scvk42a09x26n7k,"319cfc83-aba9-4fbb-bea8-eecb91a922b7",cmnvoqc05c7qppb2aretxfcc4,2026-04-12 11:33:14.693,2026-06-02 05:56:46.814,2026-04-12 00:00:00.000,2026-04-12 00:00:00.000,EXTERNAL_SANDS,cmih0r7xy0001l7021e4io928,COLLECTION,,cmmx3qsjo0m3hlr2aadokxlsb,"",19075.0,19240.0,165.0,57.58,20.48,20.22,,OTHER_SANDS,IS,cmih0nvgr0000l702j8kx6uod,ESAD51731,"",false,COMPLETED,cmoqw8ziz4wk6piazigo70xpe,cfb21697b45cfb140c9bfd437,,"",cmmyw76wi0scvk42a09x26n7k,,ALLOCATED,2026-04-15 00:00:00.000,"18e3e5db-cf20-4eba-a198-98109170c02b",,1.42,,c28b8aa8a690bbe36b2c6e84e
Weighbridge,UPDATE equipmentId,cmmxotwj408cmk42abpcugcic,cmmw6cq810hy6lr2axty8k5z5,cmnwzlmtsdem8pb2ap82f889n,2026-04-13 09:25:17.392,2026-06-02 04:44:54.230,2026-04-13 11:17:00.000,2026-04-13 12:39:00.000,ORE_TO_BALL_MILL,cma0s5wi900m4intzowth6mgn,COLLECTION,,cma0so8w102cvintzs3dmexqf,"",38400.0,38582.0,182.0,66.14,21.7,44.44,,PARTNER_MILLING,BM,cmj84bdiz0000l4021zha4d47,BMCX4984,"",false,COMPLETED,,,,"",cmmxotwj408cmk42abpcugcic,,AVAILABLE,,"18e3e5db-cf20-4eba-a198-98109170c02b",,,,
Weighbridge,UPDATE equipmentId,cmmyw76wi0scvk42a09x26n7k,"319cfc83-aba9-4fbb-bea8-eecb91a922b7",cmnx5wuk7dpgqpb2aienjsv2m,2026-04-13 12:21:58.327,2026-06-02 04:44:54.230,2026-04-13 13:46:00.000,2026-04-13 14:10:00.000,ORE_TO_BALL_MILL,cma0s5wi900m4intzowth6mgn,COLLECTION,,cma0so8w102cvintzs3dmexqf,"",19174.0,19364.0,190.0,65.4,20.32,45.08,,PARTNER_MILLING,BM,cmj84bdiz0000l4021zha4d47,BMCX4989,"",false,COMPLETED,,,,"",cmmyw76wi0scvk42a09x26n7k,,AVAILABLE,,"18e3e5db-cf20-4eba-a198-98109170c02b",,,,
Weighbridge,UPDATE equipmentId,cmmyw76wi0scvk42a09x26n7k,"319cfc83-aba9-4fbb-bea8-eecb91a922b7",cmo1jqa9ihjh0pb2al1cis8mi,2026-04-16 13:59:51.414,2026-06-02 05:56:46.814,2026-04-15 00:00:00.000,2026-04-15 00:00:00.000,EXTERNAL_SANDS,cma0secu901f0intzwckrzsym,COLLECTION,,cmh24hp4i0001jv02juok7kep,"5ESBS704",19364.0,19480.0,116.0,44.22,20.66,24.64,,OTHER_SANDS,IS,cmevuzq5b000bsk6qgx0z8atx,ESPC51868,"",false,COMPLETED,,cmo71yduh3udap2ajhm8mfhqa,,"",cmmyw76wi0scvk42a09x26n7k,,ALLOCATED,2026-04-23 00:00:00.000,"18e3e5db-cf20-4eba-a198-98109170c02b",,2.49,,c78f3bded79e9fd1603f4b65a
Weighbridge,UPDATE equipmentId,cmmyw76wi0scvk42a09x26n7k,"319cfc83-aba9-4fbb-bea8-eecb91a922b7",cmo2xu5sf12f1p2aj83xipamq,2026-04-17 13:22:33.039,2026-06-02 05:56:46.814,2026-04-16 00:00:00.000,2026-04-16 00:00:00.000,EXTERNAL_SANDS,cmf3lmp2h0001js029uk7854k,COLLECTION,,cmmx3qsjo0m3hlr2aadokxlsb,N/A,19480.0,19661.0,181.0,61.28,20.64,28.96,,DUMP,ES,cmevuzq5b000gsk6qakxhvasu,ESAD51925,"",false,COMPLETED,cmoqyqn7u5cehpiazh4e0pn9i,c192dab14892bbca39a6dee4b,,"",cmmyw76wi0scvk42a09x26n7k,,ALLOCATED,2026-04-19 00:00:00.000,"18e3e5db-cf20-4eba-a198-98109170c02b",,0.45,,c47b91045968e9574f8f92a55
Weighbridge,UPDATE equipmentId,cmmyw76wi0scvk42a09x26n7k,"319cfc83-aba9-4fbb-bea8-eecb91a922b7",cmo3awubd1atdp2aj2oi4wx6n,2026-04-17 19:28:33.145,2026-06-02 05:56:46.814,2026-04-17 00:00:00.000,2026-04-17 00:00:00.000,EXTERNAL_SANDS,cmf3lmp2h0001js029uk7854k,COLLECTION,,cmmx3qsjo0m3hlr2aadokxlsb,"",19661.0,19840.0,179.0,58.6,20.5,22.96,,DUMP,ES,cmevuzq5b000gsk6qakxhvasu,ESAD51995,"",false,COMPLETED,,c07ebc16bf43be26eccb4c52c,,"",cmmyw76wi0scvk42a09x26n7k,,ALLOCATED,2026-04-19 00:00:00.000,"18e3e5db-cf20-4eba-a198-98109170c02b",,0.42,,c47b91045968e9574f8f92a55
Weighbridge,UPDATE equipmentId,cmmyw76wi0scvk42a09x26n7k,"319cfc83-aba9-4fbb-bea8-eecb91a922b7",cmo40zxar1k1ep2ajii5ozit6,2026-04-18 07:38:46.995,2026-06-02 05:56:46.814,2026-04-18 00:00:00.000,2026-04-18 00:00:00.000,EXTERNAL_SANDS,cmf3lmp2h0001js029uk7854k,COLLECTION,,cmmx3qsjo0m3hlr2aadokxlsb,,19840.0,20020.0,180.0,58.24,20.6,31.92,,DUMP,ES,cmevuzq5b000gsk6qakxhvasu,ESAD52046,,false,COMPLETED,,cad5ca78cf56a907b1592b1f3,,,cmmyw76wi0scvk42a09x26n7k,,ALLOCATED,2026-04-20 00:00:00.000,"18e3e5db-cf20-4eba-a198-98109170c02b",,0.42,,c0240a4a95b4cba6a8699ec7b
Weighbridge,UPDATE equipmentId,cmmyw76wi0scvk42a09x26n7k,"319cfc83-aba9-4fbb-bea8-eecb91a922b7",cmo4fg4b81sxap2aj9vbpvlpo,2026-04-18 14:23:17.204,2026-06-02 04:44:54.230,2026-04-18 16:10:00.000,2026-04-18 16:28:00.000,ORE_TO_BALL_MILL,cma0rxnz20003intzqnpgetri,COLLECTION,,cmh24hp4i0001jv02juok7kep,,20020.0,20167.0,147.0,58.1,20.46,37.64,,PARTNER_MILLING,BM,cmevuzq5b000lsk6qdwf3rzb3,BMNM5128,,false,COMPLETED,,,,,cmmyw76wi0scvk42a09x26n7k,,AVAILABLE,,"18e3e5db-cf20-4eba-a198-98109170c02b",,,,
Weighbridge,UPDATE equipmentId,cmmyw76wi0scvk42a09x26n7k,"319cfc83-aba9-4fbb-bea8-eecb91a922b7",cmo4qmhu81z1hp2ajz0xbedwu,2026-04-18 19:36:10.448,2026-06-02 05:56:46.814,2026-04-18 00:00:00.000,2026-04-18 00:00:00.000,EXTERNAL_SANDS,cma0secu901f0intzwckrzsym,COLLECTION,,cmmx3qsjo0m3hlr2aadokxlsb,N/A,20167.0,20338.0,171.0,60.58,20.62,35.14,,OTHER_SANDS,IS,cmevuzq5b000bsk6qgx0z8atx,ESAD52110,"",false,COMPLETED,cmp6qnnme3amcskaylx6wwaj6,c80f657b098891c44c57d16dc,,"",cmmyw76wi0scvk42a09x26n7k,,ALLOCATED,2026-04-24 00:00:00.000,"18e3e5db-cf20-4eba-a198-98109170c02b",,1.09,,cmpc5y1jjdf4qpabf9gr6cf5b
Weighbridge,UPDATE equipmentId,cmmyw76wi0scvk42a09x26n7k,"319cfc83-aba9-4fbb-bea8-eecb91a922b7",cmo5k8tm02xvmp2ajao9irb87,2026-04-19 09:25:21.000,2026-06-02 05:56:46.814,2026-04-19 00:00:00.000,2026-04-19 00:00:00.000,EXTERNAL_SANDS,cmmx43blm0m99lr2a7pr9obz4,COLLECTION,,cmmx3qsjo0m3hlr2aadokxlsb,"",20338.0,20511.0,173.0,62.86,20.6,42.52,,DUMP,ES,cmmx3jxuw0lxllr2azpf4hkqb,ESAD52133,"",false,COMPLETED,,c295c2f3965691e11be6c56ec,,"",cmmyw76wi0scvk42a09x26n7k,,ALLOCATED,2026-04-26 00:00:00.000,"18e3e5db-cf20-4eba-a198-98109170c02b",,0.29,,cmpc5y083df3qpabf48rzgxnt
Weighbridge,UPDATE equipmentId,cmmyw76wi0scvk42a09x26n7k,"319cfc83-aba9-4fbb-bea8-eecb91a922b7",cmo5tzhep2zvxp2ajqcrapj4h,2026-04-19 13:58:01.441,2026-06-02 05:56:46.814,2026-04-19 00:00:00.000,2026-04-19 00:00:00.000,EXTERNAL_SANDS,cmmx43blm0m99lr2a7pr9obz4,COLLECTION,,cmmx3qsjo0m3hlr2aadokxlsb,"",20511.0,20682.0,171.0,57.2,20.66,44.66,,DUMP,ES,cmmx3jxuw0lxllr2azpf4hkqb,ESAD52164,"",false,COMPLETED,,cf26fb3d20308426886fd315d,,"",cmmyw76wi0scvk42a09x26n7k,,ALLOCATED,2026-04-27 00:00:00.000,"18e3e5db-cf20-4eba-a198-98109170c02b",,0.29,,cmpc5xzi6df38pabf0zivrspa
Weighbridge,UPDATE equipmentId,cmmxotwj408cmk42abpcugcic,cmmw6cq810hy6lr2axty8k5z5,cmo5yimhe395xp2ajbmh7ze3j,2026-04-19 16:04:52.946,2026-06-02 05:56:46.814,2026-04-19 00:00:00.000,2026-04-19 00:00:00.000,EXTERNAL_SANDS,cmmx43blm0m99lr2a7pr9obz4,COLLECTION,,cmmx3qsjo0m3hlr2aadokxlsb,,39399.0,39560.0,161.0,63.46,21.26,41.18,,DUMP,ES,cmmx3jxuw0lxllr2azpf4hkqb,ESAD52171,,false,COMPLETED,,ca9c7eee36402163d281b8458,,,cmmxotwj408cmk42abpcugcic,,ALLOCATED,2026-05-01 00:00:00.000,"18e3e5db-cf20-4eba-a198-98109170c02b",,0.43,,cmpc5xwlzdf16pabf0wglfb04
Weighbridge,UPDATE equipmentId,cmmyw76wi0scvk42a09x26n7k,"319cfc83-aba9-4fbb-bea8-eecb91a922b7",cmo6482cv3ai2p2ajljtwzit7,2026-04-19 18:44:37.999,2026-06-02 05:56:46.814,2026-04-19 00:00:00.000,2026-04-19 00:00:00.000,EXTERNAL_SANDS,cmmx43blm0m99lr2a7pr9obz4,COLLECTION,,cmmx3qsjo0m3hlr2aadokxlsb,N/A,20690.0,20853.0,163.0,61.82,20.66,38.66,,DUMP,ES,cmmx3jxuw0lxllr2azpf4hkqb,ESAD52183,"",false,COMPLETED,,cd88c0a8124fcb672fa5c2639,,"",cmmyw76wi0scvk42a09x26n7k,,ALLOCATED,2026-05-02 00:00:00.000,"18e3e5db-cf20-4eba-a198-98109170c02b",,0.29,,cmpc5xvvvdf0opabfxpfswzib
Weighbridge,UPDATE equipmentId,cmmxotwj408cmk42abpcugcic,cmmw6cq810hy6lr2axty8k5z5,cmo6wr1g13oshp2ajbxxci3no,2026-04-20 08:03:12.529,2026-06-02 04:44:54.230,2026-04-20 09:54:00.000,2026-04-20 11:28:00.000,ORE_TO_BALL_MILL,cma0s5wi900m4intzowth6mgn,COLLECTION,,cma0so8w102cvintzs3dmexqf,,39560.0,39749.0,189.0,62.84,21.64,41.2,,PARTNER_MILLING,BM,cmj84bdiz0000l4021zha4d47,BMCX5176,,false,COMPLETED,,,,,cmmxotwj408cmk42abpcugcic,,AVAILABLE,,"18e3e5db-cf20-4eba-a198-98109170c02b",,,,
Weighbridge,UPDATE equipmentId,cmmxotwj408cmk42abpcugcic,cmmw6cq810hy6lr2axty8k5z5,cmo8dkqhu4plfp2ajpxusb5a7,2026-04-21 08:41:58.050,2026-06-02 05:56:46.814,2026-04-21 00:00:00.000,2026-04-21 00:00:00.000,EXTERNAL_SANDS,cma0secu901f0intzwckrzsym,COLLECTION,,cmmx3qsjo0m3hlr2aadokxlsb,"",39749.0,39939.0,190.0,63.82,21.36,28.8,,OTHER_SANDS,IS,cmevuzq5b000bsk6qgx0z8atx,ESAD52233,"",false,COMPLETED,cmp6qtp2o3b8rskayn0h2ve8k,c12347f9a4b337496e6673189,,"",cmmxotwj408cmk42abpcugcic,,ALLOCATED,2026-05-06 00:00:00.000,"18e3e5db-cf20-4eba-a198-98109170c02b",,1.63,,cmpc5xt4qdeympabf5pq7b2k9
Weighbridge,UPDATE equipmentId,cmmyw76wi0scvk42a09x26n7k,"319cfc83-aba9-4fbb-bea8-eecb91a922b7",cmo8erqyx4q35p2ajjiogklbd,2026-04-21 09:15:24.873,2026-06-02 05:56:46.814,2026-04-21 00:00:00.000,2026-04-21 00:00:00.000,EXTERNAL_SANDS,cmmx43blm0m99lr2a7pr9obz4,COLLECTION,,cmmx3qsjo0m3hlr2aadokxlsb,"",21053.0,21251.0,198.0,60.94,20.62,40.3,,DUMP,ES,cmmx3jxuw0lxllr2azpf4hkqb,ESAD52238,"",false,COMPLETED,,c81708ae721472b02397f9e82,,"",cmmyw76wi0scvk42a09x26n7k,,ALLOCATED,2026-05-06 00:00:00.000,"18e3e5db-cf20-4eba-a198-98109170c02b",,0.26,,cmpc5xt4qdeympabf5pq7b2k9
Weighbridge,UPDATE equipmentId,cmmxotwj408cmk42abpcugcic,cmmw6cq810hy6lr2axty8k5z5,cmo8m7fpx0b32pcazleuyi2be,2026-04-21 12:43:34.101,2026-06-02 05:56:46.814,2026-04-21 00:00:00.000,2026-04-21 00:00:00.000,EXTERNAL_SANDS,cmih0r7xy0001l7021e4io928,COLLECTION,,cmmx3qsjo0m3hlr2aadokxlsb,"",39939.0,40105.0,166.0,65.32,21.28,16.58,,OTHER_SANDS,IS,cmih0nvgr0000l702j8kx6uod,ESAD52254,"",false,COMPLETED,,cbec2d66fbdd52c353ce1d1c8,,"",cmmxotwj408cmk42abpcugcic,,ALLOCATED,2026-05-09 00:00:00.000,"18e3e5db-cf20-4eba-a198-98109170c02b",,1.64,,cmpc5xr2gdex4pabflct9lom8
Weighbridge,UPDATE equipmentId,cmmyw76wi0scvk42a09x26n7k,"319cfc83-aba9-4fbb-bea8-eecb91a922b7",cmo9pvfvx1nkipcaztfwkd7ww,2026-04-22 07:13:59.085,2026-06-02 05:56:46.814,2026-04-22 00:00:00.000,2026-04-22 00:00:00.000,EXTERNAL_SANDS,cmmx43blm0m99lr2a7pr9obz4,COLLECTION,,cmmx3qsjo0m3hlr2aadokxlsb,"",21233.0,21413.0,180.0,59.96,20.58,40.7,,DUMP,ES,cmmx3jxuw0lxllr2azpf4hkqb,ESAD52282,"",false,COMPLETED,,c39334150434afa65cb13a841,,"",cmmyw76wi0scvk42a09x26n7k,,ALLOCATED,2026-05-09 00:00:00.000,"18e3e5db-cf20-4eba-a198-98109170c02b",,0.47,,cmpc5xr2gdex4pabflct9lom8
Weighbridge,UPDATE equipmentId,cmmxotwj408cmk42abpcugcic,cmmw6cq810hy6lr2axty8k5z5,cmo9r8en21oyfpcaz3iru143d,2026-04-22 07:52:03.614,2026-06-02 05:56:46.814,2026-04-22 00:00:00.000,2026-04-22 00:00:00.000,EXTERNAL_SANDS,cmmx43blm0m99lr2a7pr9obz4,COLLECTION,,cmmx3qsjo0m3hlr2aadokxlsb,"",40104.0,40269.0,165.0,62.16,21.28,38.68,,DUMP,ES,cmmx3jxuw0lxllr2azpf4hkqb,ESAD52289,"",false,COMPLETED,,c0ea0db212a3ca9788373a0d0,,"",cmmxotwj408cmk42abpcugcic,,ALLOCATED,2026-05-09 00:00:00.000,"18e3e5db-cf20-4eba-a198-98109170c02b",,0.24,,cmpc5xr2gdex4pabflct9lom8
Weighbridge,UPDATE equipmentId,cmmxotwj408cmk42abpcugcic,cmmw6cq810hy6lr2axty8k5z5,cmoa5k0bq0o5enzbges3islxc,2026-04-22 14:32:59.559,2026-06-02 05:56:46.814,2026-04-22 00:00:00.000,2026-04-22 00:00:00.000,EXTERNAL_SANDS,cmih0r7xy0001l7021e4io928,COLLECTION,,cmmx3qsjo0m3hlr2aadokxlsb,"",40269.0,40435.0,166.0,61.36,21.24,18.92,,OTHER_SANDS,IS,cmih0nvgr0000l702j8kx6uod,ESAD52339,"",false,COMPLETED,,c9fd9222d58edac7cf8c6c28b,,"",cmmxotwj408cmk42abpcugcic,,ALLOCATED,2026-05-11 00:00:00.000,"18e3e5db-cf20-4eba-a198-98109170c02b",,0.88,,cmp1az4jp02lyqjc9r88n33s8
Weighbridge,UPDATE equipmentId,cmmyw76wi0scvk42a09x26n7k,"319cfc83-aba9-4fbb-bea8-eecb91a922b7",cmoakle0c105pnzbgavvgxg6j,2026-04-22 21:33:58.189,2026-06-02 05:56:46.814,2026-04-22 00:00:00.000,2026-04-22 00:00:00.000,EXTERNAL_SANDS,cmmx43blm0m99lr2a7pr9obz4,COLLECTION,,cmmx3qsjo0m3hlr2aadokxlsb,"",21593.0,21765.0,172.0,60.4,20.52,40.54,,DUMP,ES,cmmx3jxuw0lxllr2azpf4hkqb,ESAD52350,"",false,COMPLETED,cmp6r0x503bxdskaymzne35re,cd13e4795a94b0f185f39c4d6,,"",cmmyw76wi0scvk42a09x26n7k,,ALLOCATED,2026-05-11 00:00:00.000,"18e3e5db-cf20-4eba-a198-98109170c02b",,0.44,,cmp1az4jp02lyqjc9r88n33s8
Weighbridge,UPDATE equipmentId,cmmxotwj408cmk42abpcugcic,cmmw6cq810hy6lr2axty8k5z5,cmob7gkqm1bu5nzbgd5z9acd4,2026-04-23 08:14:04.798,2026-06-02 05:56:46.814,2026-04-23 00:00:00.000,2026-04-23 00:00:00.000,EXTERNAL_SANDS,cmmx43blm0m99lr2a7pr9obz4,COLLECTION,,cmmx3qsjo0m3hlr2aadokxlsb,"",40434.0,40602.0,168.0,66.0,21.1,37.86,,DUMP,ES,cmmx3jxuw0lxllr2azpf4hkqb,ESAD52372,"",false,COMPLETED,,c23fa988087bac89436a7e01d,,"",cmmxotwj408cmk42abpcugcic,,ALLOCATED,2026-05-12 00:00:00.000,"18e3e5db-cf20-4eba-a198-98109170c02b",,0.4,,cmp1az9e702nbqjc9g6ls08xr
Weighbridge,UPDATE equipmentId,cmmxotwj408cmk42abpcugcic,cmmw6cq810hy6lr2axty8k5z5,cmobh9era1izgnzbguc49otlq,2026-04-23 12:48:26.614,2026-06-02 05:56:46.814,2026-04-23 00:00:00.000,2026-04-23 00:00:00.000,EXTERNAL_SANDS,cmmx43blm0m99lr2a7pr9obz4,COLLECTION,,cmmx3qsjo0m3hlr2aadokxlsb,"",40602.0,40766.0,164.0,59.52,21.02,36.48,,DUMP,ES,cmmx3jxuw0lxllr2azpf4hkqb,ESAD52416,"",false,COMPLETED,,c3253e905b5ed06fa1df0688b,,"",cmmxotwj408cmk42abpcugcic,,ALLOCATED,2026-05-13 00:00:00.000,"18e3e5db-cf20-4eba-a198-98109170c02b",,0.42,,cmp3o6zvb176ip8ca9dzs58la
Weighbridge,UPDATE equipmentId,cmmyw76wi0scvk42a09x26n7k,"319cfc83-aba9-4fbb-bea8-eecb91a922b7",cmobmdneu1kexnzbgkvhe6scx,2026-04-23 15:11:42.534,2026-06-02 05:56:46.814,2026-04-23 00:00:00.000,2026-04-23 00:00:00.000,EXTERNAL_SANDS,cmih0r7xy0001l7021e4io928,COLLECTION,,cmmx3qsjo0m3hlr2aadokxlsb,"",21947.0,22118.0,171.0,58.46,20.34,18.98,,OTHER_SANDS,IS,cmih0nvgr0000l702j8kx6uod,ESAD52439,"",false,COMPLETED,,c7f3861b826bbd5d5929340bc,,"",cmmyw76wi0scvk42a09x26n7k,,ALLOCATED,2026-05-14 00:00:00.000,"18e3e5db-cf20-4eba-a198-98109170c02b",,0.74,,cmp588ylb2jgdp8caqxbz9kqw
Weighbridge,UPDATE equipmentId,cmmxotwj408cmk42abpcugcic,cmmw6cq810hy6lr2axty8k5z5,cmoc0lz841sf0nzbgvj149qfm,2026-04-23 21:50:05.716,2026-06-02 05:56:46.814,2026-04-23 00:00:00.000,2026-04-23 00:00:00.000,EXTERNAL_SANDS,cmmx43blm0m99lr2a7pr9obz4,COLLECTION,,cmmx3qsjo0m3hlr2aadokxlsb,"",40766.0,40932.0,166.0,57.32,21.16,36.16,,DUMP,ES,cmmx3jxuw0lxllr2azpf4hkqb,ESAD52453,"",false,COMPLETED,cmp6r3jy43c3pskay8hmm1t7l,cb27f37d68ec15fc65cac0464,,"",cmmxotwj408cmk42abpcugcic,,ALLOCATED,2026-05-14 00:00:00.000,"18e3e5db-cf20-4eba-a198-98109170c02b",,0.4,,cmp588ylb2jgdp8caqxbz9kqw
Weighbridge,UPDATE equipmentId,cmmyw76wi0scvk42a09x26n7k,"319cfc83-aba9-4fbb-bea8-eecb91a922b7",cmodthjd14cumnzbgax5vxh61,2026-04-25 04:06:13.573,2026-06-02 05:56:46.814,2026-04-25 00:00:00.000,2026-04-25 00:00:00.000,EXTERNAL_SANDS,cmmx43blm0m99lr2a7pr9obz4,COLLECTION,,cmmx3qsjo0m3hlr2aadokxlsb,"",22118.0,22291.0,173.0,54.96,20.5,39.72,,DUMP,ES,cmmx3jxuw0lxllr2azpf4hkqb,ESAD52514,"",false,COMPLETED,,cd575003fa96e93280361b82b,,"",cmmyw76wi0scvk42a09x26n7k,,ALLOCATED,2026-05-15 00:00:00.000,"18e3e5db-cf20-4eba-a198-98109170c02b",,0.13,,cmp6j45m02peoskaykgyxs66v
Weighbridge,UPDATE equipmentId,cmmxotwj408cmk42abpcugcic,cmmw6cq810hy6lr2axty8k5z5,cmodxewkv4fhanzbgp274jd2t,2026-04-25 05:56:09.199,2026-06-02 05:56:46.814,2026-04-25 00:00:00.000,2026-04-25 00:00:00.000,EXTERNAL_SANDS,cmmx43blm0m99lr2a7pr9obz4,COLLECTION,,cmmx3qsjo0m3hlr2aadokxlsb,"",40932.0,41104.0,172.0,64.14,21.2,36.78,,DUMP,ES,cmmx3jxuw0lxllr2azpf4hkqb,ESAD52523,"",false,COMPLETED,,c82cdfb53232675b92cf9afc3,,"",cmmxotwj408cmk42abpcugcic,,ALLOCATED,2026-05-15 00:00:00.000,"18e3e5db-cf20-4eba-a198-98109170c02b",,0.39,,cmp6j45m02peoskaykgyxs66v
Weighbridge,UPDATE equipmentId,cmmxotwj408cmk42abpcugcic,cmmw6cq810hy6lr2axty8k5z5,cmoe6lsn54o74nzbgfdprrgdf,2026-04-25 10:13:27.233,2026-06-02 05:56:46.814,2026-04-25 00:00:00.000,2026-04-25 00:00:00.000,EXTERNAL_SANDS,cmmx43blm0m99lr2a7pr9obz4,COLLECTION,,cmmx3qsjo0m3hlr2aadokxlsb,"",41104.0,41269.0,165.0,60.16,21.14,37.68,,DUMP,ES,cmmx3jxuw0lxllr2azpf4hkqb,ESAD52555,"",false,COMPLETED,,c8da8bf8141b279887fc7ffcf,,"",cmmxotwj408cmk42abpcugcic,,ALLOCATED,2026-05-16 00:00:00.000,"18e3e5db-cf20-4eba-a198-98109170c02b",,0.43,,cmpc5xljkdetypabfx1pxy545
Weighbridge,UPDATE equipmentId,cmmxotwj408cmk42abpcugcic,cmmw6cq810hy6lr2axty8k5z5,cmoegb36g4tkbnzbgqedyjeid,2026-04-25 14:45:03.832,2026-06-02 05:56:46.814,2026-04-25 00:00:00.000,2026-04-25 00:00:00.000,EXTERNAL_SANDS,cmmx43blm0m99lr2a7pr9obz4,COLLECTION,,cmmx3qsjo0m3hlr2aadokxlsb,"",41269.0,41435.0,166.0,60.22,21.1,39.12,,DUMP,ES,cmmx3jxuw0lxllr2azpf4hkqb,ESAD52596,"",false,COMPLETED,,c20317e05286c3f53aeb3937b,,"",cmmxotwj408cmk42abpcugcic,,ALLOCATED,2026-05-16 00:00:00.000,"18e3e5db-cf20-4eba-a198-98109170c02b",,0.2,,cmpc5xljkdetypabfx1pxy545
Weighbridge,UPDATE equipmentId,cmmxotwj408cmk42abpcugcic,cmmw6cq810hy6lr2axty8k5z5,cmofh9iha5ecgnzbgm7bqm27w,2026-04-26 07:59:36.142,2026-06-02 05:56:46.814,2026-04-26 00:00:00.000,2026-04-26 00:00:00.000,EXTERNAL_SANDS,cmmx43blm0m99lr2a7pr9obz4,COLLECTION,,cmmx3qsjo0m3hlr2aadokxlsb,"",41432.0,41600.0,168.0,59.88,21.32,33.68,,DUMP,ES,cmmx3jxuw0lxllr2azpf4hkqb,ESAD52634,"",false,COMPLETED,,c5881927bb8c20183d1ddc6be,,"",cmmxotwj408cmk42abpcugcic,,ALLOCATED,2026-05-17 00:00:00.000,"18e3e5db-cf20-4eba-a198-98109170c02b",,0.66,,cmpc5xkpgdetepabfd261w2hb
Weighbridge,UPDATE equipmentId,cmmxotwj408cmk42abpcugcic,cmmw6cq810hy6lr2axty8k5z5,cmofqk6fk5k73nzbg3heebbpg,2026-04-26 12:19:50.288,2026-06-02 05:56:46.814,2026-04-26 00:00:00.000,2026-04-26 00:00:00.000,EXTERNAL_SANDS,cmmx43blm0m99lr2a7pr9obz4,COLLECTION,,cmmx3qsjo0m3hlr2aadokxlsb,"",41600.0,41764.0,164.0,56.94,21.14,31.88,,DUMP,ES,cmmx3jxuw0lxllr2azpf4hkqb,ESAD52674,"",false,COMPLETED,,cd7a6d6dc3d363b87bae7eed1,,"",cmmxotwj408cmk42abpcugcic,,ALLOCATED,2026-05-17 00:00:00.000,"18e3e5db-cf20-4eba-a198-98109170c02b",,0.53,,cmpc5xkpgdetepabfd261w2hb
Weighbridge,UPDATE equipmentId,cmmxotwj408cmk42abpcugcic,cmmw6cq810hy6lr2axty8k5z5,cmofxmia75n5qnzbga5cp3peq,2026-04-26 15:37:36.272,2026-06-02 05:56:46.814,2026-04-26 00:00:00.000,2026-04-26 00:00:00.000,EXTERNAL_SANDS,cma0secu901f0intzwckrzsym,COLLECTION,,cmmx3qsjo0m3hlr2aadokxlsb,"",41764.0,41930.0,166.0,59.14,21.28,28.34,,OTHER_SANDS,IS,cmevuzq5b000bsk6qgx0z8atx,ESAD52706,"",false,COMPLETED,,c1c53afd1c5c48d0dd671fdd2,,"",cmmxotwj408cmk42abpcugcic,,ALLOCATED,2026-05-18 00:00:00.000,"18e3e5db-cf20-4eba-a198-98109170c02b",,3.1,,cmpaulb6g9p64pabf2q8ii1qy
Weighbridge,UPDATE equipmentId,cmmxotwj408cmk42abpcugcic,cmmw6cq810hy6lr2axty8k5z5,cmoh09qrm6vlznzbgzczljvla,2026-04-27 09:39:25.762,2026-06-02 05:56:46.814,2026-04-27 00:00:00.000,2026-04-27 00:00:00.000,EXTERNAL_SANDS,cmmx43blm0m99lr2a7pr9obz4,COLLECTION,,cmmx3qsjo0m3hlr2aadokxlsb,N/A,41930.0,42094.0,164.0,60.26,21.18,39.08,,DUMP,ES,cmmx3jxuw0lxllr2azpf4hkqb,ESAD52727,"",false,COMPLETED,,c53fc5bbe01dcee158f7739b5,,"",cmmxotwj408cmk42abpcugcic,,ALLOCATED,2026-05-18 00:00:00.000,"18e3e5db-cf20-4eba-a198-98109170c02b",,0.36,,cmpaulb6g9p64pabf2q8ii1qy
Weighbridge,UPDATE equipmentId,cmmxotwj408cmk42abpcugcic,cmmw6cq810hy6lr2axty8k5z5,cmohe45q37o63nzbgvygm2ud2,2026-04-27 16:06:59.835,2026-06-02 05:56:46.814,2026-04-27 00:00:00.000,2026-04-27 00:00:00.000,EXTERNAL_SANDS,cmmx43blm0m99lr2a7pr9obz4,COLLECTION,,cmmx3qsjo0m3hlr2aadokxlsb,"",42094.0,42260.0,166.0,56.92,21.16,35.76,,DUMP,ES,cmmx3jxuw0lxllr2azpf4hkqb,ESAD52779,"",false,COMPLETED,,c842f953f7d964de9d3281124,,"",cmmxotwj408cmk42abpcugcic,,ALLOCATED,2026-05-18 00:00:00.000,"18e3e5db-cf20-4eba-a198-98109170c02b",,0.47,,cmpaulb6g9p64pabf2q8ii1qy
Weighbridge,UPDATE equipmentId,cmmxotwj408cmk42abpcugcic,cmmw6cq810hy6lr2axty8k5z5,cmoie01fb8ib1nzbgg10be12z,2026-04-28 08:51:33.815,2026-06-02 05:56:46.814,2026-04-28 00:00:00.000,2026-04-28 00:00:00.000,EXTERNAL_SANDS,cmih0r7xy0001l7021e4io928,COLLECTION,,cmh24hp4i0001jv02juok7kep,"",42260.0,42411.0,151.0,56.56,21.22,17.28,,OTHER_SANDS,IS,cmih0nvgr0000l702j8kx6uod,ESPC52801,"",false,COMPLETED,cmos8fyx811f0pbfexfqr19q5,cca8e5c0be232a5b5fdaaf907,,"",cmmxotwj408cmk42abpcugcic,,ALLOCATED,2026-04-28 00:00:00.000,"18e3e5db-cf20-4eba-a198-98109170c02b",,1.03,,cmpc5xymudf2qpabf891t7sx1
Weighbridge,UPDATE equipmentId,cmmxotwj408cmk42abpcugcic,cmmw6cq810hy6lr2axty8k5z5,cmojxr26vbj09nzbgzev1zer4,2026-04-29 10:52:13.399,2026-06-02 05:56:46.814,2026-04-29 00:00:00.000,2026-04-29 00:00:00.000,EXTERNAL_SANDS,cmnti56sxb7h4pb2aguh9cy4o,COLLECTION,,cma0s1eau007eintzowerhlh6,"",42410.0,42459.0,49.0,60.34,21.2,23.54,,PARTNER_SANDS,ES,cmevuzq5b0012sk6qfyxc08rv,ESBS52841,"",false,COMPLETED,cmor15llq5ys5piaz5bc4vyfa,cmpb6ue6fca0ppabfwdugir1o,,"",cmmxotwj408cmk42abpcugcic,,ALLOCATED,2026-04-29 00:00:00.000,"18e3e5db-cf20-4eba-a198-98109170c02b",,1.36,,cmpc5xxwxdf28pabfu5whn8yq
Weighbridge,UPDATE equipmentId,cmmxotwj408cmk42abpcugcic,cmmw6cq810hy6lr2axty8k5z5,cmoljbhds2bpapiaznt3rgr5e,2026-04-30 13:43:44.320,2026-06-02 05:56:46.814,2026-04-30 00:00:00.000,2026-04-30 00:00:00.000,EXTERNAL_SANDS,cmnti56sxb7h4pb2aguh9cy4o,COLLECTION,,cma0s1eau007eintzowerhlh6,"",42468.0,42513.0,45.0,61.5,21.18,25.14,,PARTNER_SANDS,ES,cmevuzq5b0012sk6qfyxc08rv,ESBS52881,"",false,COMPLETED,cmor78yja6kjfpiazkcz2my0s,cmpb6urvmca5kpabfk15lqbv0,,"",cmmxotwj408cmk42abpcugcic,,ALLOCATED,2026-04-30 00:00:00.000,"18e3e5db-cf20-4eba-a198-98109170c02b",,3.4,,cmpc5xxaldf1opabf6fe6kq9o
Weighbridge,UPDATE equipmentId,cmmxotwj408cmk42abpcugcic,cmmw6cq810hy6lr2axty8k5z5,cmomuy3o330sbpiazi4mvlr6q,2026-05-01 11:57:01.587,2026-06-02 04:44:54.230,2026-05-01 13:55:00.000,2026-05-01 14:30:00.000,ORE_TO_BALL_MILL,cmolhrbma2afdpiazy6h0qcng,COLLECTION,,cmh24hp4i0001jv02juok7kep,Dheweras,42513.0,42642.0,129.0,63.32,21.1,42.22,,PARTNER_MILLING,BM,cmevuzq5b000lsk6qdwf3rzb3,BMNM5349,"",false,COMPLETED,,,,"",cmmxotwj408cmk42abpcugcic,,AVAILABLE,,"18e3e5db-cf20-4eba-a198-98109170c02b",,,,
Weighbridge,UPDATE equipmentId,cmmxotwj408cmk42abpcugcic,cmmw6cq810hy6lr2axty8k5z5,cmoogropl3ht8piazlufj6u6x,2026-05-02 14:55:39.993,2026-06-02 04:44:54.230,2026-05-02 16:47:00.000,2026-05-02 17:17:00.000,ORE_TO_BALL_MILL,cmolhrbma2afdpiazy6h0qcng,COLLECTION,,cmh24hp4i0001jv02juok7kep,Dheweras,42759.0,42933.0,174.0,60.84,21.16,39.68,,PARTNER_MILLING,BM,cmevuzq5b000lsk6qdwf3rzb3,BMNM5363,"",false,COMPLETED,,,,"",cmmxotwj408cmk42abpcugcic,,AVAILABLE,,"18e3e5db-cf20-4eba-a198-98109170c02b",,,,
Weighbridge,UPDATE equipmentId,cmmxotwj408cmk42abpcugcic,cmmw6cq810hy6lr2axty8k5z5,cmosktzsw1t8apbfetxd59gfo,2026-05-05 12:00:30.848,2026-06-02 05:56:46.814,2026-05-05 00:00:00.000,2026-05-05 00:00:00.000,EXTERNAL_SANDS,cma0s5wi900m4intzowth6mgn,COLLECTION,,cma0so8w102cvintzs3dmexqf,"",42942.0,43123.0,181.0,62.78,21.28,41.5,,PARTNER_SANDS,ES,cmevuzq5b0012sk6qfyxc08rv,ESBS53003,"",false,COMPLETED,cmp3txtgd1hqkp8cari2gqfqy,cmputnc4ol2xgpbeycv45w8l4,,"",cmmxotwj408cmk42abpcugcic,,ALLOCATED,2026-05-13 00:00:00.000,"18e3e5db-cf20-4eba-a198-98109170c02b",,1.8,,cmp3o6zvb176ip8ca9dzs58la
Weighbridge,UPDATE equipmentId,cmmxotwj408cmk42abpcugcic,cmmw6cq810hy6lr2axty8k5z5,cmosyv5ne29mwpbfefpj0xkv6,2026-05-05 18:33:19.706,2026-06-02 05:56:46.814,2026-05-05 00:00:00.000,2026-05-05 00:00:00.000,EXTERNAL_SANDS,cma0s5wi900m4intzowth6mgn,COLLECTION,,cma0so8w102cvintzs3dmexqf,N/A,43123.0,43309.0,186.0,62.88,21.06,41.82,,PARTNER_SANDS,ES,cmevuzq5b0012sk6qfyxc08rv,ESBS53042,,false,COMPLETED,cmp3txtgd1hqkp8cari2gqfqy,cmputnc4wl2xqpbey6f0g3d2u,,,cmmxotwj408cmk42abpcugcic,,ALLOCATED,2026-05-13 00:00:00.000,"18e3e5db-cf20-4eba-a198-98109170c02b",,2.28,,cmp3o6zvb176ip8ca9dzs58la
Weighbridge,UPDATE equipmentId,cmmxotwj408cmk42abpcugcic,cmmw6cq810hy6lr2axty8k5z5,cmp1504hh72kppbfeh2gc20bw,2026-05-11 11:47:18.581,2026-06-02 05:56:46.814,2026-05-11 00:00:00.000,2026-05-11 00:00:00.000,EXTERNAL_SANDS,cmmz07b5p0w2tk42a2eytnt64,COLLECTION,,cmddcim67003pskfjqy1ye349,,43425.0,43570.0,145.0,66.2,21.22,33.98,,PARTNER_SANDS,ES,cmevuzq5b0012sk6qfyxc08rv,ESBS53189,,false,COMPLETED,cmp5jj6at1lrrskay7mfwqkvy,cmputp715l3a6pbeymj1yyebp,,,cmmxotwj408cmk42abpcugcic,,ALLOCATED,2026-05-12 00:00:00.000,"18e3e5db-cf20-4eba-a198-98109170c02b",,2.18,,cmp1az9e702nbqjc9g6ls08xr
Weighbridge,UPDATE equipmentId,cmmxotwj408cmk42abpcugcic,cmmw6cq810hy6lr2axty8k5z5,cmp1i09ze04p4qjc9qbccavmq,2026-05-11 17:51:20.714,2026-06-02 05:56:46.814,2026-05-11 00:00:00.000,2026-05-11 00:00:00.000,EXTERNAL_SANDS,cma0sjhf401wiintzthmqwb4r,COLLECTION,,cma0s4s2a00i9intz3xz2m653,"",43570.0,43710.0,140.0,57.78,21.56,36.22,,PARTNER_SANDS,ES,cmevuzq5b0012sk6qfyxc08rv,ESBS53198,"",false,COMPLETED,cmp5iypdu1i7gskaykugocnx9,cmputp2mhl394pbeyhj1uiir7,,"",cmmxotwj408cmk42abpcugcic,,ALLOCATED,2026-05-16 00:00:00.000,"18e3e5db-cf20-4eba-a198-98109170c02b",,2.06,,cmpc5xljkdetypabfx1pxy545
Weighbridge,UPDATE equipmentId,cmmxotwj408cmk42abpcugcic,cmmw6cq810hy6lr2axty8k5z5,cmp2ae31l074bp8cart5sejur,2026-05-12 07:05:54.153,2026-06-02 05:56:46.814,2026-05-12 00:00:00.000,2026-05-12 00:00:00.000,EXTERNAL_SANDS,cma0secu901f0intzwckrzsym,COLLECTION,,cmmx3qsjo0m3hlr2aadokxlsb,,43787.0,43864.0,77.0,61.78,21.6,26.38,,OTHER_SANDS,IS,cmevuzq5b000bsk6qgx0z8atx,ESAD53209,,false,COMPLETED,,cfb1d05edaf78ebd0bc0de780,,,cmmxotwj408cmk42abpcugcic,,ALLOCATED,2026-05-12 00:00:00.000,"18e3e5db-cf20-4eba-a198-98109170c02b",,1.69,,cmp1az9e702nbqjc9g6ls08xr
Weighbridge,UPDATE equipmentId,cmmxotwj408cmk42abpcugcic,cmmw6cq810hy6lr2axty8k5z5,cmp2ly2f30lrdp8cawlk3zcrs,2026-05-12 12:29:22.239,2026-06-02 05:56:46.814,2026-05-12 00:00:00.000,2026-05-12 00:00:00.000,EXTERNAL_SANDS,cmmx43blm0m99lr2a7pr9obz4,COLLECTION,,cmmx3qsjo0m3hlr2aadokxlsb,N/A,43787.0,43864.0,77.0,56.72,21.58,34.3,,DUMP,ES,cmmx3jxuw0lxllr2azpf4hkqb,ESAD53226,,false,COMPLETED,,cc944f01c27fee41bf7aca9c3,,,cmmxotwj408cmk42abpcugcic,,AVAILABLE,,"18e3e5db-cf20-4eba-a198-98109170c02b",,0.46,,
Weighbridge,UPDATE equipmentId,cmmxotwj408cmk42abpcugcic,cmmw6cq810hy6lr2axty8k5z5,cmp2wkvq70sclp8caxhmdp8yr,2026-05-12 17:27:02.815,2026-06-02 05:56:46.814,2026-05-12 00:00:00.000,2026-05-12 00:00:00.000,EXTERNAL_SANDS,cma0secu901f0intzwckrzsym,COLLECTION,,cmmx3qsjo0m3hlr2aadokxlsb,"",44029.0,44194.0,165.0,58.5,21.82,28.56,,OTHER_SANDS,IS,cmevuzq5b000bsk6qgx0z8atx,ESAD53244,"",false,COMPLETED,,c099a1cc91de379d069386584,,"",cmmxotwj408cmk42abpcugcic,,ALLOCATED,2026-05-12 00:00:00.000,"18e3e5db-cf20-4eba-a198-98109170c02b",,1.03,,cmp1az9e702nbqjc9g6ls08xr
Weighbridge,UPDATE equipmentId,cmmxotwj408cmk42abpcugcic,cmmw6cq810hy6lr2axty8k5z5,cmp3qb8vx1bpdp8ca06cj79y6,2026-05-13 07:19:21.789,2026-06-02 05:56:46.814,2026-05-13 00:00:00.000,2026-05-13 00:00:00.000,EXTERNAL_SANDS,cmmx43blm0m99lr2a7pr9obz4,COLLECTION,,cmmx3qsjo0m3hlr2aadokxlsb,"",44194.0,44367.0,173.0,57.84,21.5,34.96,,DUMP,ES,cmmx3jxuw0lxllr2azpf4hkqb,ESAD53257,"",false,COMPLETED,,c7d55b232b8c32c0410552b05,,"",cmmxotwj408cmk42abpcugcic,,AVAILABLE,,"18e3e5db-cf20-4eba-a198-98109170c02b",,0.53,,
Weighbridge,UPDATE equipmentId,cmmxotwj408cmk42abpcugcic,cmmw6cq810hy6lr2axty8k5z5,cmp3zq31i1m79p8cakl5pi6b8,2026-05-13 11:42:50.598,2026-06-02 05:56:46.814,2026-05-13 00:00:00.000,2026-05-13 00:00:00.000,EXTERNAL_SANDS,cmmx43blm0m99lr2a7pr9obz4,COLLECTION,,cmmx3qsjo0m3hlr2aadokxlsb,"",44332.0,44453.0,121.0,58.94,21.6,31.52,,DUMP,ES,cmmx3jxuw0lxllr2azpf4hkqb,ESAD53269,"",false,COMPLETED,cmpb115lvadsvpabfujekh7bc,c9f60bdaa2f2dc02c95ca0d2c,,"",cmmxotwj408cmk42abpcugcic,,AVAILABLE,,"18e3e5db-cf20-4eba-a198-98109170c02b",,0.53,,
Weighbridge,UPDATE equipmentId,cmmxotwj408cmk42abpcugcic,cmmw6cq810hy6lr2axty8k5z5,cmp48r9xe1vvop8ca847mhn3t,2026-05-13 15:55:42.722,2026-06-02 05:56:46.814,2026-05-13 00:00:00.000,2026-05-13 00:00:00.000,EXTERNAL_SANDS,cmmx43blm0m99lr2a7pr9obz4,COLLECTION,,cmmx3qsjo0m3hlr2aadokxlsb,N/A,44530.0,44697.0,167.0,64.48,21.88,42.6,,DUMP,ES,cmmx3jxuw0lxllr2azpf4hkqb,ESAD53299,"",false,COMPLETED,,c8fb7708f33d7e57cf632f8b9,,"",cmmxotwj408cmk42abpcugcic,,AVAILABLE,,"18e3e5db-cf20-4eba-a198-98109170c02b",,0.74,,
Weighbridge,UPDATE equipmentId,cmmxotwj408cmk42abpcugcic,cmmw6cq810hy6lr2axty8k5z5,cmp58cbvs2lukp8cas8xxzcln,2026-05-14 08:31:51.592,2026-06-02 05:56:46.814,2026-05-14 00:00:00.000,2026-05-14 00:00:00.000,EXTERNAL_SANDS,cmmx43blm0m99lr2a7pr9obz4,COLLECTION,,cmmx3qsjo0m3hlr2aadokxlsb,"",44690.0,44873.0,183.0,65.26,21.74,38.92,,DUMP,ES,cmmx3jxuw0lxllr2azpf4hkqb,ESAD53327,"",false,COMPLETED,,ca88be216a96105de29ae8a92,,"",cmmxotwj408cmk42abpcugcic,,AVAILABLE,,"18e3e5db-cf20-4eba-a198-98109170c02b",,0.46,,
Weighbridge,UPDATE equipmentId,cmmxotwj408cmk42abpcugcic,cmmw6cq810hy6lr2axty8k5z5,cmp5krymb1n8eskayxf2u85pd,2026-05-14 14:19:56.291,2026-06-02 05:56:46.814,2026-05-14 00:00:00.000,2026-05-14 00:00:00.000,EXTERNAL_SANDS,cmmx43blm0m99lr2a7pr9obz4,COLLECTION,,cmmx3qsjo0m3hlr2aadokxlsb,"",44873.0,45039.0,166.0,64.26,19.98,36.66,,DUMP,ES,cmmx3jxuw0lxllr2azpf4hkqb,ESAD53362,"",false,COMPLETED,,ce018ea6c3d6e065a99e00008,,"",cmmxotwj408cmk42abpcugcic,,AVAILABLE,,"18e3e5db-cf20-4eba-a198-98109170c02b",,0.31,,
Weighbridge,UPDATE equipmentId,cmp45evop1tc3p8casmsnqmhv,cmobdpy4t1hkznzbg9g9k44uu,cmp5sm7o81y5wskay9qlbrsky,2026-05-14 17:59:25.016,2026-06-02 05:56:46.814,2026-05-14 00:00:00.000,2026-05-14 00:00:00.000,EXTERNAL_SANDS,cma0sjsww01xnintzvxyq698r,COLLECTION,,cma0sjt7d01xointznsmkqzx5,N/A,261595.0,261922.0,327.0,38.42,16.94,11.6,,PARTNER_SANDS,ES,cmevuzq5b0012sk6qfyxc08rv,ESBS53379,,false,COMPLETED,cmpcfkj8nejdkpabfyjx612vi,cmputuxkxl40vpbeyl6bm6kkh,,,cmp45evop1tc3p8casmsnqmhv,,ALLOCATED,2026-05-14 00:00:00.000,"18e3e5db-cf20-4eba-a198-98109170c02b",,1.82,,cmp588ylb2jgdp8caqxbz9kqw
Weighbridge,UPDATE equipmentId,cmmxotwj408cmk42abpcugcic,cmmw6cq810hy6lr2axty8k5z5,cmp6m8rel379rskayo61516tm,2026-05-15 07:48:45.885,2026-06-02 05:56:46.814,2026-05-15 00:00:00.000,2026-05-15 00:00:00.000,EXTERNAL_SANDS,cmmx43blm0m99lr2a7pr9obz4,COLLECTION,,cmmx3qsjo0m3hlr2aadokxlsb,"",45039.0,45205.0,166.0,60.12,20.32,38.58,,DUMP,ES,cmmx3jxuw0lxllr2azpf4hkqb,ESAD53390,"",false,COMPLETED,,cca1a8ef5363daca9cead9b88,,"",cmmxotwj408cmk42abpcugcic,,AVAILABLE,,"18e3e5db-cf20-4eba-a198-98109170c02b",,0.31,,
Weighbridge,UPDATE equipmentId,cmmxotwj408cmk42abpcugcic,cmmw6cq810hy6lr2axty8k5z5,cmp6yp18u4ebgpabffosoju31,2026-05-15 13:37:20.526,2026-06-02 04:44:54.230,2026-05-15 15:36:00.000,2026-05-15 16:15:00.000,ORE_TO_BALL_MILL,cmolhrbma2afdpiazy6h0qcng,COLLECTION,,cmh24hp4i0001jv02juok7kep,Dheweras,45205.0,45332.0,127.0,62.98,21.26,41.72,,PARTNER_MILLING,BM,cmevuzq5b000lsk6qdwf3rzb3,BMNM5631,"",false,COMPLETED,,,,"",cmmxotwj408cmk42abpcugcic,,AVAILABLE,,"18e3e5db-cf20-4eba-a198-98109170c02b",,,,
Weighbridge,UPDATE equipmentId,cmp45evop1tc3p8casmsnqmhv,cmobdpy4t1hkznzbg9g9k44uu,cmp792efk4ouhpabfn067xs9m,2026-05-15 18:27:40.304,2026-06-02 05:56:46.814,2026-05-15 00:00:00.000,2026-05-15 00:00:00.000,EXTERNAL_SANDS,cma0sjsww01xnintzvxyq698r,COLLECTION,,cma0s3hc900dxintzjbm0esv2,N/A,261924.0,262239.0,315.0,37.88,16.9,24.16,,PARTNER_SANDS,ES,cmevuzq5b0012sk6qfyxc08rv,ESBS53468,,false,COMPLETED,cmpcgedahekafpabfnehvaclo,cmputurw2l3zdpbeyuld13zu5,,,cmp45evop1tc3p8casmsnqmhv,,ALLOCATED,2026-05-15 00:00:00.000,"18e3e5db-cf20-4eba-a198-98109170c02b",,2.26,,cmp6j45m02peoskaykgyxs66v
Weighbridge,UPDATE equipmentId,cmmxotwj408cmk42abpcugcic,cmmw6cq810hy6lr2axty8k5z5,cmp7991qc4oy9pabf5l6w09p6,2026-05-15 18:32:50.436,2026-06-02 05:56:46.814,2026-05-15 00:00:00.000,2026-05-15 00:00:00.000,EXTERNAL_SANDS,cmnrg5pcl9oztpb2a5q2mv3qh,COLLECTION,,cmmx3qsjo0m3hlr2aadokxlsb,N/A,45332.0,45498.0,166.0,64.4,21.24,31.46,,AFTER_MILL_SANDS,IS,cmevuzq5b000zsk6qpbihiukw,ESAD53469,"",false,COMPLETED,,ce2d3474996a0647d7a60463b,,"",cmmxotwj408cmk42abpcugcic,,ALLOCATED,2026-05-15 00:00:00.000,"18e3e5db-cf20-4eba-a198-98109170c02b",,0.88,,cmp6j45m02peoskaykgyxs66v
Weighbridge,UPDATE equipmentId,cmmxotwj408cmk42abpcugcic,cmmw6cq810hy6lr2axty8k5z5,cmp82dc404whtpabfhzsvxax7,2026-05-16 08:07:59.376,2026-06-02 05:56:46.814,2026-05-16 00:00:00.000,2026-05-16 00:00:00.000,EXTERNAL_SANDS,cmih0r7xy0001l7021e4io928,COLLECTION,,cmmx3qsjo0m3hlr2aadokxlsb,"",45496.0,45672.0,176.0,68.82,21.26,36.54,,OTHER_SANDS,IS,cmih0nvgr0000l702j8kx6uod,ESAD53501,"",false,COMPLETED,,c95f6f96518fd1a19953a54cb,,"",cmmxotwj408cmk42abpcugcic,,ALLOCATED,2026-05-16 00:00:00.000,"18e3e5db-cf20-4eba-a198-98109170c02b",,,,cmpc5xljkdetypabfx1pxy545
Weighbridge,UPDATE equipmentId,cmmxotwj408cmk42abpcugcic,cmmw6cq810hy6lr2axty8k5z5,cmp8jrodq5797pabfjisd2gu8,2026-05-16 16:15:01.926,2026-06-02 05:56:46.814,2026-05-16 00:00:00.000,2026-05-16 00:00:00.000,EXTERNAL_SANDS,cma0sgjm901mjintztjzy2zlt,COLLECTION,,cma0s78sp00qpintz7sv3iv2f,N/A,45672.0,45882.0,210.0,60.58,22.72,21.58,,PARTNER_SANDS,IS,cmmudjaal00q9lr2acfckd512,ESBS53569,,false,COMPLETED,cmpe4aw6bi4xfpabfews0wkc3,cmputu93el3vbpbeyfgmsrbdb,,,cmmxotwj408cmk42abpcugcic,,ALLOCATED,2026-05-16 00:00:00.000,"18e3e5db-cf20-4eba-a198-98109170c02b",,0.59,,cmpc5xljkdetypabfx1pxy545
Weighbridge,UPDATE equipmentId,cmmxotwj408cmk42abpcugcic,cmmw6cq810hy6lr2axty8k5z5,cmp9tbia39ehmpabf5hoh0e3k,2026-05-17 13:30:09.867,2026-06-02 05:56:46.814,2026-05-17 00:00:00.000,2026-05-17 00:00:00.000,EXTERNAL_SANDS,cmmtc79li01b4oa2adrir32p2,COLLECTION,,cmmx3qsjo0m3hlr2aadokxlsb,"",1.0,200.0,199.0,59.3,21.42,19.6,,AFTER_MILL_SANDS,IS,cmlp4e01v000xpl3757iwucgr,ESAD53624,"",false,COMPLETED,,c27d7e35013034e22c90bf6fa,,"",cmmxotwj408cmk42abpcugcic,,ALLOCATED,2026-05-17 00:00:00.000,"18e3e5db-cf20-4eba-a198-98109170c02b",,,,cmpc5xkpgdetepabfd261w2hb
Weighbridge,UPDATE equipmentId,cmmxotwj408cmk42abpcugcic,cmmw6cq810hy6lr2axty8k5z5,cmpaupkds9p98pabfycf89t9a,2026-05-18 06:56:51.568,2026-06-02 05:56:46.814,2026-05-18 00:00:00.000,2026-05-18 00:00:00.000,EXTERNAL_SANDS,cmmz07b5p0w2tk42a2eytnt64,COLLECTION,,cmmx3qsjo0m3hlr2aadokxlsb,"",46055.0,46219.0,164.0,60.86,21.52,30.84,,PARTNER_SANDS,ES,cmevuzq5b0012sk6qfyxc08rv,ESAD53654,"",false,COMPLETED,,c5df8978441140fb06a8a5f27,,"",cmmxotwj408cmk42abpcugcic,,AVAILABLE,,"18e3e5db-cf20-4eba-a198-98109170c02b",,,,
Weighbridge,UPDATE equipmentId,cmmxotwj408cmk42abpcugcic,cmmw6cq810hy6lr2axty8k5z5,cmpb4davec5v9pabf3lyh9g9p,2026-05-18 11:27:15.530,2026-05-18 11:35:27.481,2026-05-18 11:27:15.499,2026-05-18 11:35:27.479,EXTERNAL_SANDS,cmmx43blm0m99lr2a7pr9obz4,COLLECTION,,cmmx3qsjo0m3hlr2aadokxlsb,"",46219.0,46386.0,167.0,60.22,21.42,38.8,,DUMP,ES,cmmx3jxuw0lxllr2azpf4hkqb,ESAD53692,"",false,COMPLETED,,,,"",cmmxotwj408cmk42abpcugcic,,AVAILABLE,,"18e3e5db-cf20-4eba-a198-98109170c02b",,,,
Weighbridge,UPDATE equipmentId,cmmxotwj408cmk42abpcugcic,cmmw6cq810hy6lr2axty8k5z5,cmpbd3ux5cg7apabf69vy9wpq,2026-05-18 15:31:51.497,2026-05-18 15:40:25.180,2026-05-18 15:31:51.465,2026-05-18 15:40:25.178,EXTERNAL_SANDS,cmmx43blm0m99lr2a7pr9obz4,COLLECTION,,cmmx3qsjo0m3hlr2aadokxlsb,"",46386.0,46550.0,164.0,58.66,21.36,37.3,,DUMP,ES,cmmx3jxuw0lxllr2azpf4hkqb,ESAD53729,"",false,COMPLETED,,,,"",cmmxotwj408cmk42abpcugcic,,AVAILABLE,,"18e3e5db-cf20-4eba-a198-98109170c02b",,,,
Weighbridge,UPDATE equipmentId,cmp45evop1tc3p8casmsnqmhv,cmobdpy4t1hkznzbg9g9k44uu,cmpefn1a2i98cpabf2uowihc6,2026-05-20 19:06:03.962,2026-06-01 06:25:24.193,2026-05-20 19:06:03.928,2026-05-20 19:35:11.777,EXTERNAL_SANDS,cmpeezcywi97opabfxew0nsq2,COLLECTION,,cmoyojsq56339pbfegg2q3huf,N/A,262559.0,262856.0,297.0,37.06,16.96,20.1,,PARTNER_SANDS,ES,cmevuzq5b0012sk6qfyxc08rv,ESBS53796,"",false,COMPLETED,cmpmohjeibzofpabfrmeur1ea,cmputr1erl3dwpbeyvc6392m8,,"",cmp45evop1tc3p8casmsnqmhv,,AVAILABLE,,"18e3e5db-cf20-4eba-a198-98109170c02b",,,,
Weighbridge,UPDATE equipmentId,cmmxotwj408cmk42abpcugcic,cmmw6cq810hy6lr2axty8k5z5,cmpf8j8xoimcnpabf7z2sddez,2026-05-21 08:34:56.124,2026-05-21 09:11:45.773,2026-05-21 08:34:56.093,2026-05-21 09:11:45.772,ORE_TO_BALL_MILL,cma0s5wi900m4intzowth6mgn,COLLECTION,,cma0so8w102cvintzs3dmexqf,"",46655.0,46748.0,93.0,66.26,21.28,44.98,,PARTNER_MILLING,BM,cmj84bdiz0000l4021zha4d47,BMCX5712,"",false,COMPLETED,,,,"",cmmxotwj408cmk42abpcugcic,,AVAILABLE,,"18e3e5db-cf20-4eba-a198-98109170c02b",,,,
Weighbridge,UPDATE equipmentId,cmmxotwj408cmk42abpcugcic,cmmw6cq810hy6lr2axty8k5z5,cmpflyutxk6e0pabfznv5hzf8,2026-05-21 14:50:59.349,2026-05-21 15:03:23.903,2026-05-21 14:50:59.318,2026-05-21 15:03:23.902,ORE_TO_BALL_MILL,cma0s5wi900m4intzowth6mgn,COLLECTION,,cma0so8w102cvintzs3dmexqf,,46748.0,46934.0,186.0,65.46,21.28,44.17999999999999,,PARTNER_MILLING,BM,cmj84bdiz0000l4021zha4d47,BMCX5735,,false,COMPLETED,,,,,cmmxotwj408cmk42abpcugcic,,AVAILABLE,,"18e3e5db-cf20-4eba-a198-98109170c02b",,,,
Weighbridge,UPDATE equipmentId,cmp45evop1tc3p8casmsnqmhv,cmobdpy4t1hkznzbg9g9k44uu,cmpfynrnak8yipabfbaigiw3t,2026-05-21 20:46:17.004,2026-06-01 06:25:30.788,2026-05-21 20:46:16.892,2026-05-21 21:04:33.836,EXTERNAL_SANDS,cmpeezcywi97opabfxew0nsq2,COLLECTION,,cmoyojsq56339pbfegg2q3huf,N/A,262858.0,263152.0,294.0,36.34,16.94,19.4,,PARTNER_SANDS,ES,cmevuzq5b0012sk6qfyxc08rv,ESBS53813,"",false,COMPLETED,cmpmp7t54c1c1pabf9lr1n6u0,cmputr6i1l3fvpbeymdxs20wg,,"",cmp45evop1tc3p8casmsnqmhv,,AVAILABLE,,"18e3e5db-cf20-4eba-a198-98109170c02b",,,,
Weighbridge,UPDATE equipmentId,cmmxotwj408cmk42abpcugcic,cmmw6cq810hy6lr2axty8k5z5,cmpgrjnqzkhuupabfr63njjst,2026-05-22 10:14:54.203,2026-06-01 06:26:15.560,2026-05-22 10:14:54.172,2026-05-22 10:55:55.263,EXTERNAL_SANDS,cmfchhzos0002jx02tvj3y154,COLLECTION,,cmddcim67003pskfjqy1ye349,"",46934.0,47077.0,143.0,69.28,21.54,47.74,,PARTNER_SANDS,ES,cmevuzq5b0012sk6qfyxc08rv,ESBS53824,"",false,COMPLETED,cmpml0mz8buuhpabf1hiysm9o,cmputs51rl3ozpbeyb8nke3o6,,"",cmmxotwj408cmk42abpcugcic,,AVAILABLE,,"18e3e5db-cf20-4eba-a198-98109170c02b",,,,
Weighbridge,UPDATE equipmentId,cmmxotwj408cmk42abpcugcic,cmmw6cq810hy6lr2axty8k5z5,cmph1a6b7li34pabfbb8twaad,2026-05-22 14:47:27.859,2026-06-01 06:25:36.140,2026-05-22 14:47:27.826,2026-05-22 15:00:51.665,EXTERNAL_SANDS,cmorb167g07l2pbfek42suvrz,COLLECTION,,cma0s9zzv0108intz0rw88ats,,47077.0,47167.0,90.0,61.52,21.28,40.24,,PARTNER_SANDS,ES,cmevuzq5b0012sk6qfyxc08rv,ESBS53840,,false,COMPLETED,cmpnot5ehcmp9pabfag5wefra,cmputramml3gzpbeym0zowwiv,,,cmmxotwj408cmk42abpcugcic,,AVAILABLE,,"18e3e5db-cf20-4eba-a198-98109170c02b",,,,
Weighbridge,UPDATE equipmentId,cmmxotwj408cmk42abpcugcic,cmmw6cq810hy6lr2axty8k5z5,cmphzg7nolp34pabfwn6lhfzd,2026-05-23 06:43:56.474,2026-05-27 06:45:29.717,2026-05-23 06:43:56.364,2026-05-23 07:07:47.064,EXTERNAL_SANDS,cmpgiqsq9kclgpabfrfaweife,COLLECTION,,cmpgixzd6kcmdpabfn2gt9q1n,"",47185.0,47216.0,31.0,55.1,21.46,33.64,,DUMP,ES,cmpgis6vrkcltpabffwtq4wzl,ESMD53856,"",false,COMPLETED,cmpnp9m9hco8apabftrx7jnca,,,"",cmmxotwj408cmk42abpcugcic,,AVAILABLE,,"18e3e5db-cf20-4eba-a198-98109170c02b",,,,
Weighbridge,UPDATE equipmentId,cmmxotwj408cmk42abpcugcic,cmmw6cq810hy6lr2axty8k5z5,cmpi3rhyrlsd6pabflwspe9q7,2026-05-23 08:44:41.523,2026-05-27 06:50:24.701,2026-05-23 08:44:41.499,2026-05-23 14:55:39.572,EXTERNAL_SANDS,cmpgiqsq9kclgpabfrfaweife,COLLECTION,,cmpgixzd6kcmdpabfn2gt9q1n,"",47216.0,47226.0,10.0,63.34,21.62,41.72,,DUMP,ES,cmpgis6vrkcltpabffwtq4wzl,ESMD53873,"",false,COMPLETED,cmpnpfxvhcoobpabfmkhi8bts,,,"",cmmxotwj408cmk42abpcugcic,,AVAILABLE,,"18e3e5db-cf20-4eba-a198-98109170c02b",,,,
Weighbridge,UPDATE equipmentId,cmmxotwj408cmk42abpcugcic,cmmw6cq810hy6lr2axty8k5z5,cmpib7v2rlxpxpabfbq8x3onc,2026-05-23 12:13:22.323,2026-05-27 07:11:45.980,2026-05-23 12:13:22.295,2026-05-23 14:52:51.104,EXTERNAL_SANDS,cmpgiqsq9kclgpabfrfaweife,COLLECTION,,cmpgixzd6kcmdpabfn2gt9q1n,"",47226.0,47234.0,8.0,58.2,21.62,36.58,,DUMP,ES,cmpgis6vrkcltpabffwtq4wzl,ESMD53897,"",false,COMPLETED,cmpnq7eikcqnmpabf8ojec77c,,,"",cmmxotwj408cmk42abpcugcic,,AVAILABLE,,"18e3e5db-cf20-4eba-a198-98109170c02b",,,,
Weighbridge,UPDATE equipmentId,cmp45evop1tc3p8casmsnqmhv,cmobdpy4t1hkznzbg9g9k44uu,cmpiq4ej3m6kppabf6c1gh8bo,2026-05-23 19:10:35.151,2026-06-01 06:25:56.786,2026-05-23 19:10:35.117,2026-05-23 19:26:00.771,EXTERNAL_SANDS,cmpeezcywi97opabfxew0nsq2,COLLECTION,,cmoyojsq56339pbfegg2q3huf,"",263450.0,263744.0,294.0,35.46,16.92,18.54,,PARTNER_SANDS,ES,cmevuzq5b0012sk6qfyxc08rv,ESBS53925,"",false,COMPLETED,cmppiv6cr5melpbeydk699iir,cmputrqk2l3l5pbey6jir5kbj,,"",cmp45evop1tc3p8casmsnqmhv,,AVAILABLE,,"18e3e5db-cf20-4eba-a198-98109170c02b",,,,
Weighbridge,UPDATE equipmentId,cmmxotwj408cmk42abpcugcic,cmmw6cq810hy6lr2axty8k5z5,cmpjhojcnmdw5pabfvaan309s,2026-05-24 08:02:04.151,2026-06-01 06:25:57.630,2026-05-24 08:02:04.117,2026-05-24 08:28:54.321,EXTERNAL_SANDS,cmph5zlh8lk9vpabfe7gd105g,COLLECTION,,cmph6dtualkadpabfxzzvl786,"",47247.0,47389.0,142.0,64.94,21.56,43.38,,PARTNER_SANDS,ES,cmevuzq5b0012sk6qfyxc08rv,ESBS53945,"",false,COMPLETED,cmppj0r0v5mhfpbeymzbiskn5,cmputrr7tl3lppbeyyeorhpa5,,"",cmmxotwj408cmk42abpcugcic,,AVAILABLE,,"18e3e5db-cf20-4eba-a198-98109170c02b",,,,
Weighbridge,UPDATE equipmentId,cmmxotwj408cmk42abpcugcic,cmmw6cq810hy6lr2axty8k5z5,cmpjtl5mmmiu0pabfhaf4kwan,2026-05-24 13:35:21.790,2026-06-01 06:29:03.240,2026-05-24 13:35:21.754,2026-05-24 14:16:16.015,EXTERNAL_SANDS,cmph5zlh8lk9vpabfe7gd105g,COLLECTION,,cmph6dtualkadpabfxzzvl786,N/A,47389.0,47536.0,147.0,65.44,21.54,43.9,,PARTNER_SANDS,ES,cmevuzq5b0012sk6qfyxc08rv,ESBS53980,"",false,COMPLETED,cmpqys9gq8z88pbeyw79sos08,cmputvqfml48ypbeypzyblgzq,,"",cmmxotwj408cmk42abpcugcic,,AVAILABLE,,"18e3e5db-cf20-4eba-a198-98109170c02b",,,,
Weighbridge,UPDATE equipmentId,cmmxotwj408cmk42abpcugcic,cmmw6cq810hy6lr2axty8k5z5,cmpkvjrsvnxv4pabfxlp94kco,2026-05-25 07:18:02.624,2026-05-29 06:43:02.023,2026-05-25 07:18:02.588,2026-05-25 07:50:10.729,EXTERNAL_SANDS,cmmx43blm0m99lr2a7pr9obz4,COLLECTION,,cmmx3qsjo0m3hlr2aadokxlsb,N/A,47536.0,47703.0,167.0,62.1,21.66,40.44,,DUMP,ES,cmmx3jxuw0lxllr2azpf4hkqb,ESAD54014,"",false,COMPLETED,cmpqk25mv6nncpbey1vls6twy,,,"",cmmxotwj408cmk42abpcugcic,,ALLOCATED,2026-05-27 12:20:39.523,"18e3e5db-cf20-4eba-a198-98109170c02b",,,,cmpnvp19j141no1dma7qrxe9u
Weighbridge,UPDATE equipmentId,cmmxotwj408cmk42abpcugcic,cmmw6cq810hy6lr2axty8k5z5,cmpl41bvw3gxepabfm5mccmsv,2026-05-25 11:15:38.732,2026-05-29 06:43:02.023,2026-05-25 11:15:38.694,2026-05-25 11:23:17.313,EXTERNAL_SANDS,cmmx43blm0m99lr2a7pr9obz4,COLLECTION,,cmmx3qsjo0m3hlr2aadokxlsb,"",47703.0,47868.0,165.0,61.1,21.62,39.48,,DUMP,ES,cmmx3jxuw0lxllr2azpf4hkqb,ESAD54047,"",false,COMPLETED,cmpqk25mv6nncpbey1vls6twy,,,"",cmmxotwj408cmk42abpcugcic,,ALLOCATED,2026-05-27 12:20:39.523,"18e3e5db-cf20-4eba-a198-98109170c02b",,,,cmpnvp19j141no1dma7qrxe9u
Weighbridge,UPDATE equipmentId,cmmxotwj408cmk42abpcugcic,cmmw6cq810hy6lr2axty8k5z5,cmplcg0fw647npabftjs91k88,2026-05-25 15:11:00.668,2026-05-25 15:26:06.160,2026-05-25 15:11:00.635,2026-05-25 15:26:06.158,EXTERNAL_SANDS,cmmx43blm0m99lr2a7pr9obz4,COLLECTION,,cmmx3qsjo0m3hlr2aadokxlsb,"",47868.0,48033.0,165.0,60.16,21.58,38.58,,DUMP,ES,cmmx3jxuw0lxllr2azpf4hkqb,ESAD54063,"",false,COMPLETED,,,,"",cmmxotwj408cmk42abpcugcic,,AVAILABLE,,"18e3e5db-cf20-4eba-a198-98109170c02b",,,,
Weighbridge,UPDATE equipmentId,cmmxotwj408cmk42abpcugcic,cmmw6cq810hy6lr2axty8k5z5,cmpml4ef3buwmpabf9524eemr,2026-05-26 12:01:41.631,2026-05-26 12:34:24.710,2026-05-26 12:01:41.598,2026-05-26 12:34:24.708,ORE_TO_ROUND_MILL,cma0slezw0239intz9xt1vmb8,COLLECTION,,cmjmm0ctb0000jo02h625lczr,"",48033.0,48250.0,217.0,55.82,21.6,34.22,,PARTNER_MILLING,RM,cmhvtoq5s000vl502xyeqilhw,RMUM26736,"",false,COMPLETED,,,,"",cmmxotwj408cmk42abpcugcic,,AVAILABLE,,"18e3e5db-cf20-4eba-a198-98109170c02b",,,,
Weighbridge,UPDATE equipmentId,cmmxotwj408cmk42abpcugcic,cmmw6cq810hy6lr2axty8k5z5,cmpmtwu7rcd98pabfr6astvuj,2026-05-26 16:07:45.399,2026-06-08 06:42:59.334,2026-05-26 16:07:45.365,2026-05-26 21:04:45.574,EXTERNAL_SANDS,cmmx43blm0m99lr2a7pr9obz4,COLLECTION,,cmmx3qsjo0m3hlr2aadokxlsb,N/A,48249.0,48417.0,168.0,65.4,21.56,43.84,,DUMP,ES,cmmx3jxuw0lxllr2azpf4hkqb,ESAD54119,"",false,COMPLETED,cmq4ugm8603who4cr902pp8cu,,,"",cmmxotwj408cmk42abpcugcic,,AVAILABLE,,"18e3e5db-cf20-4eba-a198-98109170c02b",,,,
Weighbridge,UPDATE equipmentId,cmmxotwj408cmk42abpcugcic,cmmw6cq810hy6lr2axty8k5z5,cmppdqj9b2qbfpbeyw8f39d7q,2026-05-28 10:58:15.935,2026-06-03 07:43:22.560,2026-05-28 10:58:15.902,2026-05-28 12:04:30.598,EXTERNAL_SANDS,cmph5zlh8lk9vpabfe7gd105g,COLLECTION,,cmph6dtualkadpabfxzzvl786,"",48449.0,48601.0,152.0,68.3,21.42,46.88,,DUMP,ES,cmpo542lu58m3o1dmmww67d57,ESGV54184,"",false,COMPLETED,cmpxrf0lc06e2o1azflyztima,,,"",cmmxotwj408cmk42abpcugcic,,AVAILABLE,,"18e3e5db-cf20-4eba-a198-98109170c02b",,,,
Weighbridge,UPDATE equipmentId,cmmxotwj408cmk42abpcugcic,cmmw6cq810hy6lr2axty8k5z5,cmppsxpxf63uxpbey8siigrxq,2026-05-28 18:03:45.411,2026-06-05 11:32:19.851,2026-05-28 18:03:45.375,2026-05-28 18:15:25.216,EXTERNAL_SANDS,cmph5zlh8lk9vpabfe7gd105g,COLLECTION,,cmph6dtualkadpabfxzzvl786,N/A,48603.0,48751.0,148.0,71.4,21.46,49.94,,DUMP,ES,cmpo542lu58m3o1dmmww67d57,ESGV54204,"",false,COMPLETED,cmq0uh5or19fjo4ay9n4n83uz,,,"",cmmxotwj408cmk42abpcugcic,,AVAILABLE,,"18e3e5db-cf20-4eba-a198-98109170c02b",,,,
Weighbridge,UPDATE equipmentId,cmmxotwj408cmk42abpcugcic,cmmw6cq810hy6lr2axty8k5z5,cmpqn2pa47tb0pbey7bewy3as,2026-05-29 08:07:26.332,2026-06-05 11:37:24.692,2026-05-29 08:07:26.302,2026-05-29 08:29:25.880,EXTERNAL_SANDS,cmph5zlh8lk9vpabfe7gd105g,COLLECTION,,cmph6dtualkadpabfxzzvl786,"",48751.0,48898.0,147.0,64.46,21.3,43.16,,DUMP,ES,cmpo542lu58m3o1dmmww67d57,ESGV54223,"",false,COMPLETED,cmq0unowk19nho4ayugmpuuig,,,"",cmmxotwj408cmk42abpcugcic,,AVAILABLE,,"18e3e5db-cf20-4eba-a198-98109170c02b",,,,
Weighbridge,UPDATE equipmentId,cmmxotwj408cmk42abpcugcic,cmmw6cq810hy6lr2axty8k5z5,cmpqn6him7tb8pbeysl3rs0st,2026-05-29 08:10:22.894,2026-06-08 13:58:18.860,2026-05-29 08:10:22.859,2026-05-29 10:12:34.976,INTERNAL_SANDS,cma0secu901f0intzwckrzsym,COLLECTION,,cmiep83sg0001l6020ztf4isr,"",1.0,2.0,1.0,33.18,12.56,20.62,,OTHER_SANDS,IS,cmevuzq5b000bsk6qgx0z8atx,ISGS26245,"",false,COMPLETED,cmq5a0g6k5e8qo4cr09rt7x3l,,,"",cmmxotwj408cmk42abpcugcic,,AVAILABLE,,"18e3e5db-cf20-4eba-a198-98109170c02b",,,,
Weighbridge,UPDATE equipmentId,cmmxotwj408cmk42abpcugcic,cmmw6cq810hy6lr2axty8k5z5,cmpr5f37393o9pbey9jlwqb1p,2026-05-29 16:40:57.327,2026-06-01 12:39:34.239,2026-05-29 16:40:57.300,2026-05-29 17:37:58.511,ORE_TO_BALL_MILL,cmolhrbma2afdpiazy6h0qcng,COLLECTION,,cmh24hp4i0001jv02juok7kep,Dhewerasi,48898.0,49025.0,127.0,63.72,21.46,42.26,,PARTNER_MILLING,BM,cmevuzq5b000lsk6qdwf3rzb3,BMNM5855,,false,COMPLETED,,,,,cmmxotwj408cmk42abpcugcic,,AVAILABLE,,"18e3e5db-cf20-4eba-a198-98109170c02b",,,,
Weighbridge,UPDATE equipmentId,cmp45evop1tc3p8casmsnqmhv,cmobdpy4t1hkznzbg9g9k44uu,cmprlnedf95obpbey3qn3bxnn,2026-05-30 00:15:18.915,2026-06-04 05:52:25.929,2026-05-30 00:15:18.877,2026-05-30 00:36:02.147,EXTERNAL_SANDS,cme3a4kdc0000l202oz41ojtv,COLLECTION,,cma0slpc70249intzj58lcych,N/A,264058.0,264362.0,304.0,34.66,16.82,17.84,,PARTNER_SANDS,ES,cmevuzq5b0012sk6qfyxc08rv,ESBS54260,"",false,COMPLETED,cmpxniylw03r4o1ayrqoqcnce,cmpz2w6z000jlo1y1mwjpxhls,,"",cmp45evop1tc3p8casmsnqmhv,,AVAILABLE,,"18e3e5db-cf20-4eba-a198-98109170c02b",,,,
Weighbridge,UPDATE equipmentId,cmmxotwj408cmk42abpcugcic,cmmw6cq810hy6lr2axty8k5z5,cmpsasw4hafogpbeywuvdip8s,2026-05-30 11:59:25.601,2026-06-06 07:15:58.456,2026-05-30 11:59:25.561,2026-05-30 12:10:44.211,EXTERNAL_SANDS,cmph5zlh8lk9vpabfe7gd105g,COLLECTION,,cmph6dtualkadpabfxzzvl786,"",49025.0,49172.0,147.0,70.72,21.4,49.32,,DUMP,ES,cmpo542lu58m3o1dmmww67d57,ESGV54300,"",false,COMPLETED,cmq20rbzs1msio4aj9649k60l,,,"",cmmxotwj408cmk42abpcugcic,,AVAILABLE,,"18e3e5db-cf20-4eba-a198-98109170c02b",,,,
Weighbridge,UPDATE equipmentId,cmp45evop1tc3p8casmsnqmhv,cmobdpy4t1hkznzbg9g9k44uu,cmpsiff01aktupbeymtcu247e,2026-05-30 15:32:53.809,2026-06-04 06:25:17.448,2026-05-30 15:32:53.772,2026-05-30 18:13:05.789,EXTERNAL_SANDS,cme3a4kdc0000l202oz41ojtv,COLLECTION,,cma0slpc70249intzj58lcych,"",264364.0,264652.0,288.0,33.46,16.88,16.58,,PARTNER_SANDS,ES,cmevuzq5b0012sk6qfyxc08rv,ESBS54314,"",false,COMPLETED,cmpz42g7c007ao4ndxx7g57d3,,,"",cmp45evop1tc3p8casmsnqmhv,,AVAILABLE,,"18e3e5db-cf20-4eba-a198-98109170c02b",,,,
Weighbridge,UPDATE equipmentId,cmmxotwj408cmk42abpcugcic,cmmw6cq810hy6lr2axty8k5z5,cmpsmy20falvipbeyhg8mef7i,2026-05-30 17:39:21.903,2026-05-30 18:02:07.198,2026-05-30 17:39:21.867,2026-05-30 18:02:07.196,EXTERNAL_SANDS,cmmx43blm0m99lr2a7pr9obz4,COLLECTION,,cmmx3qsjo0m3hlr2aadokxlsb,"",49172.0,49337.0,165.0,64.8,21.38,43.42,,DUMP,ES,cmmx3jxuw0lxllr2azpf4hkqb,ESAD54321,"",false,COMPLETED,,,,"",cmmxotwj408cmk42abpcugcic,,AVAILABLE,,"18e3e5db-cf20-4eba-a198-98109170c02b",,,,
Weighbridge,UPDATE equipmentId,cmmxotwj408cmk42abpcugcic,cmmw6cq810hy6lr2axty8k5z5,cmptgltebaq2zpbeyf17xd670,2026-05-31 07:29:39.347,2026-05-31 07:36:36.767,2026-05-31 07:29:39.313,2026-05-31 07:36:36.765,EXTERNAL_SANDS,cmmx43blm0m99lr2a7pr9obz4,COLLECTION,,cmmx3qsjo0m3hlr2aadokxlsb,"",49337.0,49511.0,174.0,65.28,21.34,43.94,,DUMP,ES,cmmx3jxuw0lxllr2azpf4hkqb,ESAD54337,"",false,COMPLETED,,,,"",cmmxotwj408cmk42abpcugcic,,AVAILABLE,,"18e3e5db-cf20-4eba-a198-98109170c02b",,,,
Weighbridge,UPDATE equipmentId,cmmxotwj408cmk42abpcugcic,cmmw6cq810hy6lr2axty8k5z5,cmptp1t66evv1pbey6w3rfcp6,2026-05-31 11:26:02.478,2026-05-31 12:32:05.474,2026-05-31 11:26:02.442,2026-05-31 12:32:05.472,EXTERNAL_SANDS,cmmx43blm0m99lr2a7pr9obz4,COLLECTION,,cmmx3qsjo0m3hlr2aadokxlsb,"",49505.0,49675.0,170.0,66.72,21.58,45.14,,DUMP,ES,cmmx3jxuw0lxllr2azpf4hkqb,ESAD54370,"",false,COMPLETED,,,,"",cmmxotwj408cmk42abpcugcic,,AVAILABLE,,"18e3e5db-cf20-4eba-a198-98109170c02b",,,,
Weighbridge,UPDATE equipmentId,cmp45evop1tc3p8casmsnqmhv,cmobdpy4t1hkznzbg9g9k44uu,cmpv0cnoqlpm5pbeyh4jgj6yz,2026-06-01 09:30:10.538,2026-06-05 14:00:39.487,2026-06-01 09:30:10.503,2026-06-01 10:27:40.131,EXTERNAL_SANDS,cmeafq8v30000js02sa9goj8t,COLLECTION,,cma0s816x00thintzg8053imm,"",264653.0,264783.0,130.0,33.08,16.72,16.36,,PARTNER_SANDS,ES,cmevuzq5b0012sk6qfyxc08rv,ESBS54427,"",false,COMPLETED,cmpz4znf0011uo4sra54y4p4n,cmq0zrwov1f52o4aygwbmbxw3,,"",cmp45evop1tc3p8casmsnqmhv,,AVAILABLE,,"18e3e5db-cf20-4eba-a198-98109170c02b",,,,
Weighbridge,UPDATE equipmentId,cmmxotwj408cmk42abpcugcic,cmmw6cq810hy6lr2axty8k5z5,cmpv8qomd0aaqnubdw0czxogf,2026-06-01 13:25:01.861,2026-06-07 08:12:42.857,2026-06-01 13:25:01.825,2026-06-01 13:59:58.485,EXTERNAL_SANDS,cmgqaz52a0006ky02mj1rcirv,COLLECTION,,cma0s9oab00z4intzdbv1h1r5,"",49678.0,49792.0,114.0,59.7,21.88,37.82000000000001,,PARTNER_SANDS,ES,cmevuzq5b0012sk6qfyxc08rv,ESBS54438,"",false,COMPLETED,cmq0mo2qd0kg5o4aynr1bvnyv,cmq3i85ij4z3uo4ajz2qqojsf,,"",cmmxotwj408cmk42abpcugcic,,AVAILABLE,,"18e3e5db-cf20-4eba-a198-98109170c02b",,,,
Weighbridge,UPDATE equipmentId,cmp45evop1tc3p8casmsnqmhv,cmobdpy4t1hkznzbg9g9k44uu,cmpwwxkjq03yjo1buwzhzo29k,2026-06-02 17:30:00.135,2026-06-07 08:10:34.538,2026-06-02 17:30:00.050,2026-06-03 04:18:27.324,EXTERNAL_SANDS,cmgpzdit70006lc02h9jojrh7,COLLECTION,,cmmfbphaw059jo937c4573yei,"",264785.0,265090.0,305.0,32.86,16.6,16.26,,PARTNER_SANDS,ES,cmevuzq5b0012sk6qfyxc08rv,ESBS54482,"",false,COMPLETED,cmq0mldc70jh9o4ay12ucuqdl,cmq3i5ei24z1go4ajywxmb6tl,,"",cmp45evop1tc3p8casmsnqmhv,cmpmpureqc1mkpabfhy9rsy4a,AVAILABLE,,"18e3e5db-cf20-4eba-a198-98109170c02b",,,,
Weighbridge,UPDATE equipmentId,cmmxotwj408cmk42abpcugcic,cmmw6cq810hy6lr2axty8k5z5,cmpza1sn013gno4srl82g9znr,2026-06-04 09:12:44.604,2026-06-08 07:19:51.081,2026-06-04 09:12:44.532,2026-06-04 09:20:11.452,EXTERNAL_SANDS,cmmx43blm0m99lr2a7pr9obz4,COLLECTION,,cmmx3qsjo0m3hlr2aadokxlsb,"",49797.0,49972.0,175.0,63.58,21.44,42.14,,DUMP,ES,cmmx3jxuw0lxllr2azpf4hkqb,ESAD54498,"",false,COMPLETED,cmq4vs0tl08jqo4crbupzxq0d,,,"",cmmxotwj408cmk42abpcugcic,,AVAILABLE,,"18e3e5db-cf20-4eba-a198-98109170c02b",,,,
Weighbridge,UPDATE equipmentId,cmp45evop1tc3p8casmsnqmhv,cmobdpy4t1hkznzbg9g9k44uu,cmpzd7ihb006lo4bdx5oqxrqv,2026-06-04 10:41:10.223,2026-06-06 06:23:34.710,2026-06-04 10:41:10.133,2026-06-04 10:57:56.849,EXTERNAL_SANDS,cmdx5wxd10000l902twvbtuuu,COLLECTION,,cmddchwc80032skfjyg02d1wu,"",265092.0,265164.0,72.0,34.94,16.74,18.2,,PARTNER_SANDS,ES,cmevuzq5b0012sk6qfyxc08rv,ESBS54504,"",false,COMPLETED,cmq1yvy9i19vuo4aj4o16k6ln,,,"",cmp45evop1tc3p8casmsnqmhv,cmpc9a2atdgw5pabf8qgwwu01,AVAILABLE,,"18e3e5db-cf20-4eba-a198-98109170c02b",,,,
Weighbridge,UPDATE equipmentId,cmmxotwj408cmk42abpcugcic,cmmw6cq810hy6lr2axty8k5z5,cmpziz2ab03d5o4bfaxemd8oy,2026-06-04 13:22:33.683,2026-06-08 07:22:10.741,2026-06-04 13:22:33.605,2026-06-04 13:48:18.529,EXTERNAL_SANDS,cmmx43blm0m99lr2a7pr9obz4,COLLECTION,,cmmx3qsjo0m3hlr2aadokxlsb,"",49972.0,50138.0,166.0,66.58,21.48,45.09999999999999,,DUMP,ES,cmmx3jxuw0lxllr2azpf4hkqb,ESAD54512,"",false,COMPLETED,cmq4vv0l108zao4crx54f5flt,,,"",cmmxotwj408cmk42abpcugcic,,AVAILABLE,,"18e3e5db-cf20-4eba-a198-98109170c02b",,,,
Weighbridge,UPDATE equipmentId,cmmxotwj408cmk42abpcugcic,cmmw6cq810hy6lr2axty8k5z5,cmpzs8tif0bbfo4bffth7d46w,2026-06-04 17:42:05.415,2026-06-08 07:25:32.974,2026-06-04 17:42:05.358,2026-06-04 19:05:02.293,EXTERNAL_SANDS,cmmx43blm0m99lr2a7pr9obz4,COLLECTION,,cmmx3qsjo0m3hlr2aadokxlsb,"",50138.0,50302.0,164.0,66.14,21.26,44.88,,DUMP,ES,cmmx3jxuw0lxllr2azpf4hkqb,ESAD54530,"",false,COMPLETED,cmq4vzcmm099so4crx2j3yekf,,,"",cmmxotwj408cmk42abpcugcic,,AVAILABLE,,"18e3e5db-cf20-4eba-a198-98109170c02b",,,,
Weighbridge,UPDATE equipmentId,cmmxotwj408cmk42abpcugcic,cmmw6cq810hy6lr2axty8k5z5,cmq0lnmeb0bgio4ayptpiued1,2026-06-05 07:25:24.888,2026-06-05 07:44:03.738,2026-06-05 07:25:15.843,2026-06-05 07:44:03.737,EXTERNAL_SANDS,cmmx43blm0m99lr2a7pr9obz4,COLLECTION,,cmmx3qsjo0m3hlr2aadokxlsb,"",50302.0,50478.0,176.0,62.26,21.32,40.94,,DUMP,ES,cmmx3jxuw0lxllr2azpf4hkqb,ESAD54542,"",false,COMPLETED,,,,"",cmmxotwj408cmk42abpcugcic,,AVAILABLE,,"18e3e5db-cf20-4eba-a198-98109170c02b",,,,
Weighbridge,UPDATE equipmentId,cmmxotwj408cmk42abpcugcic,cmmw6cq810hy6lr2axty8k5z5,cmq0uzu5719swo4ayxok3vl29,2026-06-05 11:46:51.355,2026-06-08 07:25:32.974,2026-06-05 11:46:51.291,2026-06-05 11:57:37.323,EXTERNAL_SANDS,cmmx43blm0m99lr2a7pr9obz4,COLLECTION,,cmmx3qsjo0m3hlr2aadokxlsb,"",50478.0,50643.0,165.0,70.48,21.36,49.12,,DUMP,ES,cmmx3jxuw0lxllr2azpf4hkqb,ESAD54560,"",false,COMPLETED,cmq4vzcmm099so4crx2j3yekf,,,"",cmmxotwj408cmk42abpcugcic,,AVAILABLE,,"18e3e5db-cf20-4eba-a198-98109170c02b",,,,
Weighbridge,UPDATE equipmentId,cmmxotwj408cmk42abpcugcic,cmmw6cq810hy6lr2axty8k5z5,cmq14691v1jzmo4ayumkfrj7g,2026-06-05 16:03:47.155,2026-06-10 08:31:30.591,2026-06-05 16:03:47.083,2026-06-05 16:16:16.499,EXTERNAL_SANDS,cmmx43blm0m99lr2a7pr9obz4,COLLECTION,,cmmx3qsjo0m3hlr2aadokxlsb,"",50643.0,50807.0,164.0,65.82,21.22,44.59999999999999,,DUMP,ES,cmmx3jxuw0lxllr2azpf4hkqb,ESAD54583,"",false,COMPLETED,cmq7t7vog0hz9o4lxu4he992i,,,"",cmmxotwj408cmk42abpcugcic,,AVAILABLE,,"18e3e5db-cf20-4eba-a198-98109170c02b",,,,
Weighbridge,UPDATE equipmentId,cmmxotwj408cmk42abpcugcic,cmmw6cq810hy6lr2axty8k5z5,cmq2771ll1ueao4ajsk4mglvt,2026-06-06 10:16:09.177,2026-06-10 08:31:30.591,2026-06-06 10:16:09.115,2026-06-06 10:24:51.114,EXTERNAL_SANDS,cmmx43blm0m99lr2a7pr9obz4,COLLECTION,,cmmx3qsjo0m3hlr2aadokxlsb,"",50807.0,50981.0,174.0,66.84,21.12,45.72,,DUMP,ES,cmmx3jxuw0lxllr2azpf4hkqb,ESAD54603,"",false,COMPLETED,cmq7t7vog0hz9o4lxu4he992i,,,"",cmmxotwj408cmk42abpcugcic,,AVAILABLE,,"18e3e5db-cf20-4eba-a198-98109170c02b",,,,
Weighbridge,UPDATE equipmentId,cmp45evop1tc3p8casmsnqmhv,cmobdpy4t1hkznzbg9g9k44uu,cmq28l9z21v7lo4ajdt3wqc1q,2026-06-06 10:55:12.830,2026-06-11 07:10:23.108,2026-06-06 10:55:12.767,2026-06-09 07:20:49.469,EXTERNAL_SANDS,cmq28k1061v7ho4ajn5gh481d,COLLECTION,,cma0rt0nv0073in51yss463bc,"",265165.0,265286.0,121.0,34.58,16.78,17.8,,PARTNER_SANDS,ES,cmevuzq5b0012sk6qfyxc08rv,ESBS54609,"",false,COMPLETED,cmq95rekk0f4xp2cp7v1720ao,,,"",cmp45evop1tc3p8casmsnqmhv,,AVAILABLE,,"18e3e5db-cf20-4eba-a198-98109170c02b",,,,
Weighbridge,UPDATE equipmentId,cmmxotwj408cmk42abpcugcic,cmmw6cq810hy6lr2axty8k5z5,cmq3jxa3n4zszo4ajbswz3emp,2026-06-07 09:00:14.819,2026-06-12 08:01:22.813,2026-06-07 09:00:14.739,2026-06-07 09:10:17.934,EXTERNAL_SANDS,cmmx43blm0m99lr2a7pr9obz4,COLLECTION,,cmmx3qsjo0m3hlr2aadokxlsb,"",51018.0,51192.0,174.0,66.52,21.24,45.28,,DUMP,ES,cmmx3jxuw0lxllr2azpf4hkqb,ESAD54646,"",false,COMPLETED,cmqan0u4d23i9p2cpzio9ht15,,,"",cmmxotwj408cmk42abpcugcic,,AVAILABLE,,"18e3e5db-cf20-4eba-a198-98109170c02b",,,,
Weighbridge,UPDATE equipmentId,cmmxotwj408cmk42abpcugcic,cmmw6cq810hy6lr2axty8k5z5,cmq3rj2p456beo4ajmwy0m4nl,2026-06-07 12:33:08.968,2026-06-07 12:39:13.288,2026-06-07 12:33:08.884,2026-06-07 12:39:13.286,EXTERNAL_SANDS,cmmx43blm0m99lr2a7pr9obz4,COLLECTION,,cmmx3qsjo0m3hlr2aadokxlsb,"",51192.0,51356.0,164.0,65.22,21.2,44.02,,DUMP,ES,cmmx3jxuw0lxllr2azpf4hkqb,ESAD54667,"",false,COMPLETED,,,,"",cmmxotwj408cmk42abpcugcic,,AVAILABLE,,"18e3e5db-cf20-4eba-a198-98109170c02b",,,,
Weighbridge,UPDATE equipmentId,cmmxotwj408cmk42abpcugcic,cmmw6cq810hy6lr2axty8k5z5,cmq3zw1wx5cepo4ajnlan54lh,2026-06-07 16:27:11.409,2026-06-07 16:35:28.527,2026-06-07 16:27:11.346,2026-06-07 16:35:28.525,EXTERNAL_SANDS,cmmx43blm0m99lr2a7pr9obz4,COLLECTION,,cmmx3qsjo0m3hlr2aadokxlsb,"",51356.0,51521.0,165.0,63.72,21.16,42.56,,DUMP,ES,cmmx3jxuw0lxllr2azpf4hkqb,ESAD54686,"",false,COMPLETED,,,,"",cmmxotwj408cmk42abpcugcic,,AVAILABLE,,"18e3e5db-cf20-4eba-a198-98109170c02b",,,,
Weighbridge,UPDATE equipmentId,cmq4shivs5llso4aja5ehq5l4,cmi8fy8wo00jpskghytxxjlb1,cmq49klwk5dw1o4ajvsb0zafw,2026-06-07 20:58:13.604,2026-06-10 08:28:56.374,2026-06-07 20:58:13.531,2026-06-07 22:48:56.351,EXTERNAL_SANDS,cma0s5moe00l7intz75493is8,COLLECTION,,cma0sje2p01w6intz34732l5i,,1.0,233.0,232.0,27.64,10.66,16.98,,PARTNER_SANDS,ES,cmevuzq5b0012sk6qfyxc08rv,ESBS54690,,false,COMPLETED,cmq7t4kom0hguo4lxiqgke8ko,,,,cmq4shivs5llso4aja5ehq5l4,,AVAILABLE,,"18e3e5db-cf20-4eba-a198-98109170c02b",,,,
Weighbridge,UPDATE equipmentId,cmmxotwj408cmk42abpcugcic,cmmw6cq810hy6lr2axty8k5z5,cmq54c4ci58d3o4crz93zgxh1,2026-06-08 11:19:25.698,2026-06-08 11:30:09.819,2026-06-08 11:19:25.613,2026-06-08 11:30:09.817,EXTERNAL_SANDS,cmmx43blm0m99lr2a7pr9obz4,COLLECTION,,cmmx3qsjo0m3hlr2aadokxlsb,"",51521.0,51697.0,176.0,63.46,21.36,42.1,,DUMP,ES,cmmx3jxuw0lxllr2azpf4hkqb,ESAD54718,"",false,COMPLETED,,,,"",cmmxotwj408cmk42abpcugcic,,AVAILABLE,,"18e3e5db-cf20-4eba-a198-98109170c02b",,,,
Weighbridge,UPDATE equipmentId,cmmxotwj408cmk42abpcugcic,cmmw6cq810hy6lr2axty8k5z5,cmq5f5j8t747wo4cro8cbidel,2026-06-08 16:22:14.190,2026-06-08 16:29:43.421,2026-06-08 16:22:14.120,2026-06-08 16:29:43.419,EXTERNAL_SANDS,cmmx43blm0m99lr2a7pr9obz4,COLLECTION,,cmmx3qsjo0m3hlr2aadokxlsb,"",51697.0,51862.0,165.0,61.84,21.26,40.58,,DUMP,ES,cmmx3jxuw0lxllr2azpf4hkqb,ESAD54753,"",false,COMPLETED,,,,"",cmmxotwj408cmk42abpcugcic,,AVAILABLE,,"18e3e5db-cf20-4eba-a198-98109170c02b",,,,
Weighbridge,UPDATE equipmentId,cmmxotwj408cmk42abpcugcic,cmmw6cq810hy6lr2axty8k5z5,cmq6fkb9b01y4o4bwfit5xsld,2026-06-09 09:21:29.856,2026-06-09 10:11:21.133,2026-06-09 09:21:29.784,2026-06-09 10:11:21.132,EXTERNAL_SANDS,cmfchhzos0002jx02tvj3y154,COLLECTION,,cmddcim67003pskfjqy1ye349,"",51862.0,52004.0,142.0,51.78,21.36,30.42,,PARTNER_SANDS,ES,cmevuzq5b0012sk6qfyxc08rv,ESBS54778,"",false,COMPLETED,,,,"",cmmxotwj408cmk42abpcugcic,,AVAILABLE,,"18e3e5db-cf20-4eba-a198-98109170c02b",,,,
Weighbridge,UPDATE equipmentId,cmmxotwj408cmk42abpcugcic,cmmw6cq810hy6lr2axty8k5z5,cmq6pqdjx1o97o4ag7bipx3dx,2026-06-09 14:06:08.925,2026-06-09 14:16:54.399,2026-06-09 14:06:08.849,2026-06-09 14:16:54.398,EXTERNAL_SANDS,cmmx43blm0m99lr2a7pr9obz4,COLLECTION,,cmmx3qsjo0m3hlr2aadokxlsb,"",52004.0,52171.0,167.0,60.28,21.4,38.88,,DUMP,ES,cmmx3jxuw0lxllr2azpf4hkqb,ESAD54810,"",false,COMPLETED,,,,"",cmmxotwj408cmk42abpcugcic,,AVAILABLE,,"18e3e5db-cf20-4eba-a198-98109170c02b",,,,
Weighbridge,UPDATE equipmentId,cmmxotwj408cmk42abpcugcic,cmmw6cq810hy6lr2axty8k5z5,cmq7wtxc10pzso4lx73ucohz2,2026-06-10 10:12:38.017,2026-06-10 10:34:04.752,2026-06-10 10:12:37.952,2026-06-10 10:34:04.751,EXTERNAL_SANDS,cmmx43blm0m99lr2a7pr9obz4,COLLECTION,,cmmx3qsjo0m3hlr2aadokxlsb,"",52171.0,52344.0,173.0,60.64,21.26,39.38,,DUMP,ES,cmmx3jxuw0lxllr2azpf4hkqb,ESAD54851,"",false,COMPLETED,,,,"",cmmxotwj408cmk42abpcugcic,,AVAILABLE,,"18e3e5db-cf20-4eba-a198-98109170c02b",,,,
Weighbridge,UPDATE equipmentId,cmmxotwj408cmk42abpcugcic,cmmw6cq810hy6lr2axty8k5z5,cmq8dwbf9023dp2be11fhubn5,2026-06-10 18:10:23.061,2026-06-10 19:15:09.316,2026-06-10 18:10:23.001,2026-06-10 19:15:09.315,EXTERNAL_SANDS,cmmx43blm0m99lr2a7pr9obz4,COLLECTION,,cmmx3qsjo0m3hlr2aadokxlsb,"",52344.0,52508.0,164.0,58.78,21.5,37.28,,DUMP,ES,cmmx3jxuw0lxllr2azpf4hkqb,ESAD54884,"",false,COMPLETED,,,,"",cmmxotwj408cmk42abpcugcic,,AVAILABLE,,"18e3e5db-cf20-4eba-a198-98109170c02b",,,,
Weighbridge,UPDATE equipmentId,cmmxotwj408cmk42abpcugcic,cmmw6cq810hy6lr2axty8k5z5,cmq98tzy10jb7p2cp0sqg634b,2026-06-11 08:36:22.970,2026-06-11 08:56:27.634,2026-06-11 08:36:22.904,2026-06-11 08:56:27.632,EXTERNAL_SANDS,cmmx43blm0m99lr2a7pr9obz4,COLLECTION,,cmmx3qsjo0m3hlr2aadokxlsb,"",52508.0,52676.0,168.0,64.44,21.44,43.0,,DUMP,ES,cmmx3jxuw0lxllr2azpf4hkqb,ESAD54906,"",false,COMPLETED,,,,"",cmmxotwj408cmk42abpcugcic,,AVAILABLE,,"18e3e5db-cf20-4eba-a198-98109170c02b",,,,
Weighbridge,UPDATE equipmentId,cmmxotwj408cmk42abpcugcic,cmmw6cq810hy6lr2axty8k5z5,cmq9h2lub1feop2cpb24gj5gg,2026-06-11 12:27:01.522,2026-06-11 12:36:42.548,2026-06-11 12:27:01.450,2026-06-11 12:36:42.546,EXTERNAL_SANDS,cmmx43blm0m99lr2a7pr9obz4,COLLECTION,,cmmx3qsjo0m3hlr2aadokxlsb,"",52676.0,52840.0,164.0,69.78,21.34,48.44,,DUMP,ES,cmmx3jxuw0lxllr2azpf4hkqb,ESAD54929,"",false,COMPLETED,,,,"",cmmxotwj408cmk42abpcugcic,,AVAILABLE,,"18e3e5db-cf20-4eba-a198-98109170c02b",,,,
Weighbridge,UPDATE equipmentId,cmq4shivs5llso4aja5ehq5l4,cmi8fy8wo00jpskghytxxjlb1,cmq9qdrko1ldgp2cpya7dazgg,2026-06-11 16:47:38.711,2026-06-12 03:44:42.739,2026-06-11 16:47:38.660,2026-06-12 03:07:12.709,EXTERNAL_SANDS,cmgfb182b0002js0270y155an,COLLECTION,,cmh24hp4i0001jv02juok7kep,"5ESBS823",1.0,2.0,1.0,24.52,11.18,13.34,,PARTNER_SANDS,ES,cmevuzq5b000nsk6qo5qvogro,ESPC54952,,false,COMPLETED,,,,,cmq4shivs5llso4aja5ehq5l4,,AVAILABLE,,"18e3e5db-cf20-4eba-a198-98109170c02b",,,,
Weighbridge,UPDATE equipmentId,cmmxotwj408cmk42abpcugcic,cmmw6cq810hy6lr2axty8k5z5,cmq9spyq51lmjp2cp3i5ve7u9,2026-06-11 17:53:07.085,2026-06-12 03:05:52.760,2026-06-11 17:53:07.029,2026-06-12 03:05:52.758,EXTERNAL_SANDS,cmmx43blm0m99lr2a7pr9obz4,COLLECTION,,cmmx3qsjo0m3hlr2aadokxlsb,"",52840.0,53004.0,164.0,66.26,21.34,44.92,,DUMP,ES,cmmx3jxuw0lxllr2azpf4hkqb,ESAD54958,"",false,COMPLETED,,,,"",cmmxotwj408cmk42abpcugcic,,AVAILABLE,,"18e3e5db-cf20-4eba-a198-98109170c02b",,,,
Weighbridge,UPDATE equipmentId,cmmxotwj408cmk42abpcugcic,cmmw6cq810hy6lr2axty8k5z5,cmqakebky1zcgp2cp74r5yiw7,2026-06-12 06:47:53.122,2026-06-12 07:15:39.373,2026-06-12 06:47:53.055,2026-06-12 07:15:39.372,EXTERNAL_SANDS,cmmx43blm0m99lr2a7pr9obz4,COLLECTION,,cmmx3qsjo0m3hlr2aadokxlsb,"",53004.0,53176.0,172.0,66.1,21.2,44.89999999999999,,DUMP,ES,cmmx3jxuw0lxllr2azpf4hkqb,ESAD54966,"",false,COMPLETED,,,,"",cmmxotwj408cmk42abpcugcic,cmpfaa5bsiysbpabf1gxoxf0m,AVAILABLE,,"18e3e5db-cf20-4eba-a198-98109170c02b",,,,
Weighbridge,UPDATE equipmentId,cmq4shivs5llso4aja5ehq5l4,cmi8fy8wo00jpskghytxxjlb1,cmqaq903w28fpp2cpiexa3xxc,2026-06-12 09:31:42.668,2026-06-12 11:05:15.735,2026-06-12 09:31:42.613,2026-06-12 11:05:15.734,ORE_TO_ROUND_MILL,cmqaq3b0728e0p2cpdgow7bx3,COLLECTION,,cma0s816x00thintzg8053imm,"",1.0,60.0,59.0,30.82,10.88,19.94,,PARTNER_MILLING,RM,cmhvtoq5s000vl502xyeqilhw,RMUM27279,"",false,COMPLETED,,,,"",cmq4shivs5llso4aja5ehq5l4,,AVAILABLE,,"18e3e5db-cf20-4eba-a198-98109170c02b",,,,
Weighbridge,UPDATE equipmentId,cmmxotwj408cmk42abpcugcic,cmmw6cq810hy6lr2axty8k5z5,cmqatxqhz2brwp2cpki3bazpu,2026-06-12 11:14:55.463,2026-06-12 11:38:42.974,2026-06-12 11:14:55.391,2026-06-12 11:38:42.973,EXTERNAL_SANDS,cmmx43blm0m99lr2a7pr9obz4,COLLECTION,,cmmx3qsjo0m3hlr2aadokxlsb,"",53176.0,53341.0,165.0,66.02,21.14,44.88,,DUMP,ES,cmmx3jxuw0lxllr2azpf4hkqb,ESAD54986,"",false,COMPLETED,,,,"",cmmxotwj408cmk42abpcugcic,,AVAILABLE,,"18e3e5db-cf20-4eba-a198-98109170c02b",,,,
Weighbridge,UPDATE equipmentId,cmp45evop1tc3p8casmsnqmhv,cmobdpy4t1hkznzbg9g9k44uu,cmqb4vvzk08wwrnctmhr5liym,2026-06-12 16:21:25.040,2026-06-13 04:12:02.208,2026-06-12 16:21:24.981,2026-06-13 04:12:02.207,EXTERNAL_SANDS,cma0s5moe00l7intz75493is8,COLLECTION,,cma0s3hc900dxintzjbm0esv2,"",265316.0,265662.0,346.0,32.8,17.06,15.74,,PARTNER_SANDS,ES,cmevuzq5b0012sk6qfyxc08rv,ESBS55006,"",false,COMPLETED,,,,"",cmp45evop1tc3p8casmsnqmhv,,AVAILABLE,,"18e3e5db-cf20-4eba-a198-98109170c02b",,,,
Weighbridge,UPDATE equipmentId,cmmxotwj408cmk42abpcugcic,cmmw6cq810hy6lr2axty8k5z5,cmqbarpk909uzrnctto7l31wm,2026-06-12 19:06:07.785,2026-06-12 20:00:41.511,2026-06-12 19:06:07.733,2026-06-12 20:00:41.509,ORE_TO_ROUND_MILL,cmh3s2rlf0001jo02ah830p48,COLLECTION,,cmjmm0ctb0000jo02h625lczr,"",53342.0,53520.0,178.0,61.4,21.22,40.18,,PARTNER_MILLING,RM,cmhvtoq5s000vl502xyeqilhw,RMUM27294,"",false,COMPLETED,,,,"",cmmxotwj408cmk42abpcugcic,,AVAILABLE,,"18e3e5db-cf20-4eba-a198-98109170c02b",,,,
Weighbridge,UPDATE equipmentId,cmmxotwj408cmk42abpcugcic,cmmw6cq810hy6lr2axty8k5z5,cmqc2m97l0ly6rnct5fc7p5i1,2026-06-13 08:05:42.561,2026-06-13 08:27:38.380,2026-06-13 08:05:42.505,2026-06-13 08:27:38.378,EXTERNAL_SANDS,cmmx43blm0m99lr2a7pr9obz4,COLLECTION,,cmmx3qsjo0m3hlr2aadokxlsb,"",53526.0,53690.0,164.0,66.88,21.2,45.67999999999999,,DUMP,ES,cmmx3jxuw0lxllr2azpf4hkqb,ESAD55022,"",false,COMPLETED,,,,"",cmmxotwj408cmk42abpcugcic,,AVAILABLE,,"18e3e5db-cf20-4eba-a198-98109170c02b",,,,
Weighbridge,UPDATE equipmentId,cmmxotwj408cmk42abpcugcic,cmmw6cq810hy6lr2axty8k5z5,cmqcbqg2n0qkwrnctv8b0uccr,2026-06-13 12:20:54.622,2026-06-13 12:24:53.508,2026-06-13 12:20:54.567,2026-06-13 12:24:53.507,EXTERNAL_SANDS,cmmx43blm0m99lr2a7pr9obz4,COLLECTION,,cmmx3qsjo0m3hlr2aadokxlsb,"",53690.0,53855.0,165.0,65.5,21.12,44.38,,DUMP,ES,cmmx3jxuw0lxllr2azpf4hkqb,ESAD55042,"",false,COMPLETED,,,,"",cmmxotwj408cmk42abpcugcic,,AVAILABLE,,"18e3e5db-cf20-4eba-a198-98109170c02b",,,,
Weighbridge,UPDATE equipmentId,cmp45evop1tc3p8casmsnqmhv,cmobdpy4t1hkznzbg9g9k44uu,cmqckcjxl0wpyrnct8avr2iux,2026-06-13 16:22:02.985,2026-06-13 16:48:02.329,2026-06-13 16:22:02.928,2026-06-13 16:48:02.327,EXTERNAL_SANDS,cmdyanxuv0000l502qtejzn0t,COLLECTION,,cma0s3gwt00dvintz4ngf3f52,"",265664.0,265814.0,150.0,39.08,16.92,22.16,,PARTNER_SANDS,ES,cmevuzq5b0012sk6qfyxc08rv,ESBS55060,"",false,COMPLETED,,,,"",cmp45evop1tc3p8casmsnqmhv,,AVAILABLE,,"18e3e5db-cf20-4eba-a198-98109170c02b",,,,
Weighbridge,UPDATE equipmentId,cmmxotwj408cmk42abpcugcic,cmmw6cq810hy6lr2axty8k5z5,cmqcksuy80wq2rnct78a0o6nm,2026-06-13 16:34:43.760,2026-06-13 16:58:12.825,2026-06-13 16:34:43.703,2026-06-13 16:58:12.823,EXTERNAL_SANDS,cmmx43blm0m99lr2a7pr9obz4,COLLECTION,,cmmx3qsjo0m3hlr2aadokxlsb,"",53855.0,54018.0,163.0,64.1,21.4,42.7,,DUMP,ES,cmmx3jxuw0lxllr2azpf4hkqb,ESAD55061,"",false,COMPLETED,,,,"",cmmxotwj408cmk42abpcugcic,,AVAILABLE,,"18e3e5db-cf20-4eba-a198-98109170c02b",,,,
Weighbridge,UPDATE equipmentId,cmmxotwj408cmk42abpcugcic,cmmw6cq810hy6lr2axty8k5z5,cmqdkihyu14nurnctakz28d1d,2026-06-14 09:14:26.549,2026-06-14 09:22:06.332,2026-06-14 09:14:26.496,2026-06-14 09:22:06.331,EXTERNAL_SANDS,cmmx43blm0m99lr2a7pr9obz4,COLLECTION,,cmmx3qsjo0m3hlr2aadokxlsb,"",54018.0,54184.0,166.0,64.12,21.16,42.96000000000001,,DUMP,ES,cmmx3jxuw0lxllr2azpf4hkqb,ESAD55078,"",false,COMPLETED,,,,"",cmmxotwj408cmk42abpcugcic,,AVAILABLE,,"18e3e5db-cf20-4eba-a198-98109170c02b",,,,
Weighbridge,UPDATE equipmentId,cmmxotwj408cmk42abpcugcic,cmmw6cq810hy6lr2axty8k5z5,cmqdvu6u84542rnctt75j4kub,2026-06-14 14:31:27.776,2026-06-14 14:47:52.328,2026-06-14 14:31:27.721,2026-06-14 14:47:52.327,EXTERNAL_SANDS,cmmx43blm0m99lr2a7pr9obz4,COLLECTION,,cmmx3qsjo0m3hlr2aadokxlsb,"",54018.0,54348.0,330.0,62.34,21.1,41.24,,DUMP,ES,cmmx3jxuw0lxllr2azpf4hkqb,ESAD55106,"",false,COMPLETED,,,,"",cmmxotwj408cmk42abpcugcic,,AVAILABLE,,"18e3e5db-cf20-4eba-a198-98109170c02b",,,,
