equipment-export-2026-06-02-101353;;;;;;;;;;;
Registration Number;Fleet ID;Type;Vin/Serial ID;Make;Model;Engine Capacity;Fuel Consumption;Loading/Carrying Capacity (Tonnes);Location;Company;Status
;2ESC716;COMPACTOR;CATCS533CTJL07060;;CAT - 533E;;;;AMATOLA;Earth Shift;AVAILABLE
;2ESD753;DOZER;op654321;SHANTU;;;;;;;AVAILABLE
;2ESZ742;EXCAVATOR;XUG12001PNKA18711;XCMG;;;;20;WALDEN;Earth Shift;AVAILABLE
;2UFZ740;EXCAVATOR;KCMOLL13JJ0007087;;;;;;AMATOLA;U-freight link;AVAILABLE
;2ESG712;GRADER;HEXZH00792;CAT 140 H;CAT 140 H;;;;AMATOLA;Earth Shift;AVAILABLE
;2UFL769;LOADER;CXG00955KK0H00180;;XG955H;;;;AMATOLA;U-freight link;AVAILABLE
;2HGL768;LOADER;VLGL956HVS0621364;SDLG-L956H;SDLG-L956H;;;;AMATOLA;HarvGood;AVAILABLE
;1MML6;LOADER;;;;;;;AMATOLA;Magaya Mining;AVAILABLE
;1MML5;LOADER;221,235,175;Wulf Renoster;Front End Loader;;;;AMATOLA;Magaya Mining;AVAILABLE
;2ESL756;LOADER;SW956K3CF5598;;SANY;;;;AMATOLA;Earth Shift;AVAILABLE
;2HGL766;LOADER;VLGL953HAS0620530;SDLG-L953H;SDLG-L953H;;;;AMATOLA;HarvGood;AVAILABLE
;2HGL767;LOADER;VLGL956HES0621337;SDLG-L956H;SDLG-L956H;;;;AMATOLA;HarvGood;AVAILABLE
AHF4219;2WTP793;POOL;XLRAE65GC0E964382;DAF;;;5.5;10;WALDEN;Willo & TH Safety;AVAILABLE
AAH7451;2WTP770;POOL;;UD40;;;5;4;WALDEN;Willo & TH Safety;AVAILABLE
AGL7329;2HGT713;TIPPER;;Howo;Howo;;;;AMATOLA;HarvGood;AVAILABLE
AGJ0312;1MMT16;TIPPER;LZGJLDR41NX059560;Shacman F3000;Tipper Truck;;;;AMATOLA;Magaya Mining;AVAILABLE
AGZ8676;2HGT850;TIPPER;;;;;;;;HarvGood;AVAILABLE
;2EST743;TIPPER;;;;;;;AMATOLA;Earth Shift;AVAILABLE
;2EST761;TIPPER;XLRAD85MCOE800661;DAF;;;;;WALDEN;Earth Shift;AVAILABLE
;2HGT671;TIPPER;;HOWO;Sino Truck;;;;OTHER;HarvGood;AVAILABLE
AGZ5592;2WTT718;TIPPER;YV2J4CJD13A555328;Volvo;Volvo;;;;AMATOLA;Willo & TH Safety;AVAILABLE
AHE0277;2HGT834;TIPPER;;;;;;;;HarvGood;AVAILABLE
;2APT652;TIPPER;;;;;;;OTHER;;AVAILABLE
AGZ8677;2HGT851;TIPPER;;;;;;;;HarvGood;AVAILABLE
AGZ8678;2HGT852;TIPPER;;;;;;;;HarvGood;AVAILABLE
AGZ6652;2HGT791;TIPPER;;;;;;;;HarvGood;AVAILABLE
AGL8027;2MLT825;TIPPER;LZGJLDT4XRX096430;Shacman;Tipper;;2.2;20;WALDEN;Methusela;AVAILABLE
AGL8434;2EST744;TIPPER;LZZ5ELSD4SN098478;HOWO;Sino Truck;;;;AMATOLA;Earth Shift;AVAILABLE
AGZ8679;2HGT853;TIPPER;;;;;;;;HarvGood;AVAILABLE
AGL6352;2HGT715;TIPPER;;Howo;Howo;;;;AMATOLA;HarvGood;AVAILABLE
AGZ6672;2HGT717;TIPPER;;Howo;;;;;AMATOLA;HarvGood;AVAILABLE
AHE1578;2HGT858;TIPPER;;;;;;;;HarvGood;AVAILABLE
AGZ8680;2HGT854;TIPPER;;;;;;;;HarvGood;AVAILABLE
;2HGT789;TIPPER;;;;;;;;;AVAILABLE
AGL7330;2HGT714;TIPPER;;HOWO;Sino Truck;;;;OTHER;HarvGood;AVAILABLE
AGZ8656;2HGT857;TIPPER;;;;;;;;HarvGood;AVAILABLE
AHA2792;2TMT719;TIPPER;LZZ5ELSD2S326418;SINO;SINO;;;;;Tombest;AVAILABLE
AGZ8680;2HGT845;TIPPER;;;;;;;;HarvGood;AVAILABLE
AFQ3907;2WTT833;TIPPER;;Volvo;;;2.2;20;WALDEN;Willo & TH Safety;AVAILABLE
AGZ6652;2HGT835;TIPPER;;;;;;;;HarvGood;AVAILABLE
;2DCT771;TIPPER;;;;;;;AMATOLA;Detame  Cate Pvt;AVAILABLE
AGZ8664;2HGT849;TIPPER;;;;;;;;HarvGood;AVAILABLE
AGZ8681;2HGT855;TIPPER;;;;;;;;HarvGood;AVAILABLE
AGZ8681;2HGT755;TIPPER;;;;;;;;HarvGood;AVAILABLE
AFQ8350;2HGT892;TIPPER;;;;;;;;HarvGood;AVAILABLE
AGZ6535;2HGT893;TIPPER;;;;;;;;HarvGood;AVAILABLE
AHA4412;2TMT889;TIPPER;YS2P6X40001254519;SCANIA;;;2.2;20;WALDEN;Tombest;AVAILABLE
AHA3999;2TMT866;TIPPER;WJMJ3JPS70C312372;IVECO;;;2.2;;WALDEN;Tombest;AVAILABLE
AGL9284;2LTT880;TIPPER;;;;;;;;Logi Trans;AVAILABLE
AHA3999;2TMT866;TIPPER;;;;;;;;Tombest;AVAILABLE
AGZ8655;2HGT856;TIPPER;;;;;;;;HarvGood;AVAILABLE
AGZ6507;2HGT865;TIPPER;;;;;;;;HarvGood;AVAILABLE
AFQ8351;2HGT897;TIPPER;;;;;;;;HarvGood;AVAILABLE
AGZ6508;2HGT869;TIPPER;;;;;;;;HarvGood;AVAILABLE
AGJ1977;2HGT895;TIPPER;;;;;;;;HarvGood;AVAILABLE
AFQ8355;2HGT894;TIPPER;;;;;;;;HarvGood;AVAILABLE
AHE2201;1MMT899;TIPPER;;;;;;;;Magaya Mining;AVAILABLE
AGL7327;2HGT864;TIPPER;;;;;;;;HarvGood;AVAILABLE
;1MMJ27;TLB;CD4045G178537;Bell;TLB;;;;AMATOLA;Magaya Mining;AVAILABLE
;1MMS30;TRACTOR;;Massey Ferguson 440;Tractor;;;;AMATOLA;Magaya Mining;AVAILABLE
;1MMS35;TRACTOR;;Massey Ferguson;Tractor;;;;AMATOLA;Magaya Mining;AVAILABLE
;1MMS38;TRACTOR;BTY19070;FORD TANDEM-1;Tractor;;;;AMATOLA;Magaya Mining;AVAILABLE
;2CCS904;TRACTOR;E2HDL1599228S3;;;;;;WALDEN;Connect Cut;AVAILABLE
;1MMS42;TRACTOR;MF-6207514M1;Massey Ferguson;Tractor;;;;AMATOLA;Magaya Mining;AVAILABLE
;M15;MILL;;;;;;;WALDEN;;AVAILABLE
;M8;MILL;;;;;;;WALDEN;;AVAILABLE
;M7;MILL;;;;;;;WALDEN;;AVAILABLE
;M12;MILL;;;;;;;WALDEN;;AVAILABLE
;M20;MILL;;;;;;;WALDEN;;AVAILABLE
;M17;MILL;;;;;;;WALDEN;;AVAILABLE
;M6;MILL;;;;;;;WALDEN;;AVAILABLE
;M5;MILL;;;;;;;WALDEN;;AVAILABLE
;M4;MILL;;;;;;;WALDEN;;AVAILABLE
;M18;MILL;;;;;;;WALDEN;;AVAILABLE
;M19;MILL;;;;;;;WALDEN;;AVAILABLE
;N3;MILL;;;;;;;WALDEN;;AVAILABLE
;M2;MILL;;;;;;;WALDEN;;AVAILABLE
;N7;MILL;;;;;;;WALDEN;;AVAILABLE
;M1;MILL;;;;;;;WALDEN;;AVAILABLE
;A1;MILL;;;;;;;;;AVAILABLE
;M9;MILL;;;;;;;WALDEN;;AVAILABLE
;N4;MILL;;;;;;;WALDEN;;AVAILABLE
;5TPH2;MILL;;;;;;;WALDEN;;AVAILABLE
;5TPH1;MILL;;;;;;;WALDEN;;AVAILABLE
;M3;MILL;;;;;;;WALDEN;;AVAILABLE
;M11;MILL;;;;;;;WALDEN;;AVAILABLE
;3TPH3;MILL;;;;;;;WALDEN;;AVAILABLE
;3TPH2;MILL;;;;;;;WALDEN;;AVAILABLE
;N2;MILL;;;;;;;WALDEN;Magaya Mining;AVAILABLE
;N5;MILL;;;;;;;WALDEN;;AVAILABLE
;M10;MILL;;;;;;;WALDEN;;AVAILABLE
;M13;MILL;;;;;;;WALDEN;;AVAILABLE
;N1;MILL;;;;;;;WALDEN;Magaya Mining;AVAILABLE
;M14;MILL;;;;;;;WALDEN;;AVAILABLE
;5TPH3;MILL;;;;;;;WALDEN;;AVAILABLE
;3TPH1;MILL;;;;;;;WALDEN;Magaya Mining;AVAILABLE
;N6;MILL;;;;;;;WALDEN;;AVAILABLE
;M16;MILL;;;;;;;WALDEN;;AVAILABLE
;CR2;CRUSHER;;;;;;;WALDEN;;AVAILABLE
;CR1;CRUSHER;;;;;;;WALDEN;Magaya Mining;AVAILABLE
;CR3;CRUSHER;;;;;;;WALDEN;;AVAILABLE
;3MMX435;;;;;;;;;;AVAILABLE
;3MMX411;;;;;;;;;;AVAILABLE
;3MMX423;;;;;;;;;;AVAILABLE
;3MMX406;;;;;;;;;;AVAILABLE
;1MMM315;;;;;;;;;;AVAILABLE
;2LLT356;;;;;;;;;;AVAILABLE
;1MMM318;;;;;;;;;;AVAILABLE
;2MAP311;;;;;;;;;;AVAILABLE
;1MMM269;;;;;;;;;;AVAILABLE
;1MMP263;;;;;;;;;;AVAILABLE
;1MMM280;;;;;;;;;;AVAILABLE
;1MMM270;;;;;;;;;;AVAILABLE
;2PAG256;;;;;;;;;;AVAILABLE
;2EGZ229;;;;;;;;;;AVAILABLE
;1MMP218;;;;;;;;;;AVAILABLE
;2SCB246;;;;;;;;;;AVAILABLE
;2WTP238;;;;;;;;;;AVAILABLE
;2MLC216;;;;;;;;;;AVAILABLE
;2VST193;;;;;;;;;;AVAILABLE
;2EGW199;;;;;;;;;;AVAILABLE
;1MMP206;;;;;;;;;;AVAILABLE
;2TIT178;;;;;;;;;;AVAILABLE
;2EST116;;;;;;;;;;AVAILABLE
;2EGT131;;;;;;;;;;AVAILABLE
;2EGZ135;;;;;;;;;;AVAILABLE
;2RAH167;;;;;;;;;;AVAILABLE
;2CRB96;;;;;;;;;;AVAILABLE
;1MMX69;;;;;;;;;;AVAILABLE
;1MMX71;;;;;;;;;;AVAILABLE
;1MMJ82;;;;;;;;;;AVAILABLE
;3MMX420;;;;;;;;;;AVAILABLE
;1MMM372;;;;;;;;;;AVAILABLE
;2PAZ351;;;;;;;;;;AVAILABLE
;3MMX429;;;;;;;;;;AVAILABLE
;1MMS44;;;;;;;;;;AVAILABLE
;2KCT340;;;;;;;;;;AVAILABLE
;3MMX393;;;;;;;;;;AVAILABLE
;1MMX60;;;;;;;;;;AVAILABLE
;2SCB550;;;;;;;;;;AVAILABLE
;2MLZ512;;;;;;;;;;AVAILABLE
;3MMQ453;;;;;;;;;;AVAILABLE
;3MMX431;;;;;;;;;;AVAILABLE
;3MMX388;;;;;;;;;;AVAILABLE
;2MIT371;;;;;;;;;;AVAILABLE
;2AAT353;;;;;;;;;;AVAILABLE
;1MMX373;;;;;;;;;;AVAILABLE
;2EGC319;;;;;;;;;;AVAILABLE
;2LLT355;;;;;;;;;;AVAILABLE
;2AAT350;;;;;;;;;;AVAILABLE
;2PAL336;;;;;;;;;;AVAILABLE
;1MMM290;;;;;;;;;;AVAILABLE
;2GCT323;;;;;;;;;;AVAILABLE
;1MMM266;;;;;;;;;;AVAILABLE
;1MMM291;;;;;;;;;;AVAILABLE
;2GCT322;;;;;;;;;;AVAILABLE
;1MMM302;;;;;;;;;;AVAILABLE
;1MMM283;;;;;;;;;;AVAILABLE
;1MMX250;;;;;;;;;;AVAILABLE
;2SDT176;;;;;;;;;;AVAILABLE
;2PAA236;;;;;;;;;;AVAILABLE
;1MMM303;;;;;;;;;;AVAILABLE
;2EGZ136;;;;;;;;;;AVAILABLE
;2EGL200;;;;;;;;;;AVAILABLE
;2LRT240;;;;;;;;;;AVAILABLE
;1MMP217;;;;;;;;;;AVAILABLE
;2RAL219;;;;;;;;;;AVAILABLE
;2EST115;;;;;;;;;;AVAILABLE
;1MMX73;;;;;;;;;;AVAILABLE
;2MLT702;;;;;;;;;;AVAILABLE
;2KCT693;;;;;;;;;;AVAILABLE
;2PAZ636;;;;;;;;;;AVAILABLE
;2PAZ576;;;;;;;;;;AVAILABLE
;2EGC633;;;;;;;;;;AVAILABLE
;2RUZ637;;;;;;;;;;AVAILABLE
;2RAL554;;;;;;;;;;AVAILABLE
;2RAZ602;;;;;;;;;;AVAILABLE
;2DNZ593;;;;;;;;;;AVAILABLE
;2PAT471;;;;;;;;;;AVAILABLE
;3MMQ461;;;;;;;;;;AVAILABLE
;2RAL467;;;;;;;;;;AVAILABLE
;3MMX419;;;;;;;;;;AVAILABLE
;3MMX426;;;;;;;;;;AVAILABLE
;2WTP654;;;;;;;;;;AVAILABLE
;2ESL562;;;;;;;;;;AVAILABLE
;2MLT543;;;;;;;;;;AVAILABLE
;2CCS99;;;;;;;;;;AVAILABLE
;2TMT688;;;;;;;;;;AVAILABLE
;2KHT560;;;;;;;;;;AVAILABLE
;2EGH541;;;;;;;;;;AVAILABLE
;2EST114;;;;;;;;;;AVAILABLE
;2EGT129;;;;;;;;;;AVAILABLE
;2WTP605;;;;;;;;;;AVAILABLE
;2PAZ595;;;;;;;;;;AVAILABLE
;2NTP552;;;;;;;;;;AVAILABLE
;2BRS519;;;;;;;;;;AVAILABLE
;2PAL530;;;;;;;;;;AVAILABLE
;1MMM606;;;;;;;;;;AVAILABLE
;2PAL528;;;;;;;;;;AVAILABLE
;2UCT582;;;;;;;;;;AVAILABLE
;2RAT523;;;;;;;;;;AVAILABLE
;2PAZ527;;;;;;;;;;AVAILABLE
;2MLJ510;;;;;;;;;;AVAILABLE
;2LRT522;;;;;;;;;;AVAILABLE
;1MMY495;;;;;;;;;;AVAILABLE
;3MMX422;;;;;;;;;;AVAILABLE
;2PAT470;;;;;;;;;;AVAILABLE
;2PAT547;;;;;;;;;;AVAILABLE
;3MMX434;;;;;;;;;;AVAILABLE
;3MMX407;;;;;;;;;;AVAILABLE
;3MMX441;;;;;;;;;;AVAILABLE
;2PAZ465;;;;;;;;;;AVAILABLE
;2KHT490;;;;;;;;;;AVAILABLE
;2KPT479;;;;;;;;;;AVAILABLE
;2MLS464;;;;;;;;;;AVAILABLE
;3MMX384;;;;;;;;;;AVAILABLE
;3MMQ456;;;;;;;;;;AVAILABLE
;2MEZ487;;;;;;;;;;AVAILABLE
;1MMX366;;;;;;;;;;AVAILABLE
;3MMX416;;;;;;;;;;AVAILABLE
;3MMX389;;;;;;;;;;AVAILABLE
;1MMM306;;;;;;;;;;AVAILABLE
;2ZET346;;;;;;;;;;AVAILABLE
;2RAZ329;;;;;;;;;;AVAILABLE
;3MMX398;;;;;;;;;;AVAILABLE
;2MIT370;;;;;;;;;;AVAILABLE
;2JJIT359;;;;;;;;;;AVAILABLE
;2TIT180;;;;;;;;;;AVAILABLE
;1MMM281;;;;;;;;;;AVAILABLE
;2PAC257;;;;;;;;;;AVAILABLE
;2PAD252;;;;;;;;;;AVAILABLE
;1MMM294;;;;;;;;;;AVAILABLE
;2MLD154;;;;;;;;;;AVAILABLE
;2EST113;;;;;;;;;;AVAILABLE
;2PAL165;;;;;;;;;;AVAILABLE
;2GTT143;;;;;;;;;;AVAILABLE
;2EGT124;;;;;;;;;;AVAILABLE
;2MHT678;;;;;;;;;;AVAILABLE
;2HGT709;;;;;;;;;;AVAILABLE
;2RAS628;;;;;;;;;;AVAILABLE
;2MLZ623;;;;;;;;;;AVAILABLE
;1MMP87;;;;;;;;;;AVAILABLE
;1MMM619;;;;;;;;;;AVAILABLE
;2CCT662;;;;;;;;;;AVAILABLE
;1MMM614;;;;;;;;;;AVAILABLE
;2MLT214;;;;;;;;;;AVAILABLE
;2CCS100;;;;;;;;;;AVAILABLE
;2VST194;;;;;;;;;;AVAILABLE
;2EGJ138;;;;;;;;;;AVAILABLE
;2UCT624;;;;;;;;;;AVAILABLE
;2ESL674;;;;;;;;;;AVAILABLE
;1MMM613;;;;;;;;;;AVAILABLE
;2CMJ656;;;;;;;;;;AVAILABLE
;1MMM608;;;;;;;;;;AVAILABLE
;2PAZ574;;;;;;;;;;AVAILABLE
;2MLL588;;;;;;;;;;AVAILABLE
;3MMX428;;;;;;;;;;AVAILABLE
;3MMX414;;;;;;;;;;AVAILABLE
;2PAT597;;;;;;;;;;AVAILABLE
;3MMX396;;;;;;;;;;AVAILABLE
;2RAT559;;;;;;;;;;AVAILABLE
;2ESZ367;;;;;;;;;;AVAILABLE
;3MMX395;;;;;;;;;;AVAILABLE
;2TIL369;;;;;;;;;;AVAILABLE
;3MMX415;;;;;;;;;;AVAILABLE
;3MMX425;;;;;;;;;;AVAILABLE
;1MMX363;;;;;;;;;;AVAILABLE
;1MMM307;;;;;;;;;;AVAILABLE
;2MLC259;;;;;;;;;;AVAILABLE
;1MMM292;;;;;;;;;;AVAILABLE
;1MMM268;;;;;;;;;;AVAILABLE
;2KCT342;;;;;;;;;;AVAILABLE
;2TCT237;;;;;;;;;;AVAILABLE
;1MMM296;;;;;;;;;;AVAILABLE
;1MMM317;;;;;;;;;;AVAILABLE
;2EGO251;;;;;;;;;;AVAILABLE
;2TIT179;;;;;;;;;;AVAILABLE
;1MMM271;;;;;;;;;;AVAILABLE
;2PAZ164;;;;;;;;;;AVAILABLE
;2SOJ265;;;;;;;;;;AVAILABLE
;2TIL182;;;;;;;;;;AVAILABLE
;2EGZ228;;;;;;;;;;AVAILABLE
;1MMJ208;;;;;;;;;;AVAILABLE
;2PAZ233;;;;;;;;;;AVAILABLE
;2BIT202;;;;;;;;;;AVAILABLE
;1MMS209;;;;;;;;;;AVAILABLE
;1MMP205;;;;;;;;;;AVAILABLE
;2WTP190;;;;;;;;;;AVAILABLE
;2MLJ155;;;;;;;;;;AVAILABLE
;2HGT666;;;;;;;;;;AVAILABLE
;2SLT192;;;;;;;;;;AVAILABLE
;2HGT708;;;;;;;;;;AVAILABLE
;2PAD161;;;;;;;;;;AVAILABLE
;2EST118;;;;;;;;;;AVAILABLE
;1MMP204;;;;;;;;;;AVAILABLE
;2LRT148;;;;;;;;;;AVAILABLE
;2BIT94;;;;;;;;;;AVAILABLE
;1MMX66;;;;;;;;;;AVAILABLE
;2UCT625;;;;;;;;;;AVAILABLE
;2UCT581;;;;;;;;;;AVAILABLE
;2LTT658;;;;;;;;;;AVAILABLE
;2CCL325;;;;;;;;;;AVAILABLE
;2MLZ153;;;;;;;;;;AVAILABLE
;2EGT661;;;;;;;;;;AVAILABLE
;2PAZ361;;;;;;;;;;AVAILABLE
;2EGT132;;;;;;;;;;AVAILABLE
;1MMY621;;;;;;;;;;AVAILABLE
;2RAT539;;;;;;;;;;AVAILABLE
;2LRT521;;;;;;;;;;AVAILABLE
;2RAL513;;;;;;;;;;AVAILABLE
;2RR596;;;;;;;;;;AVAILABLE
;2SOJ466;;;;;;;;;;AVAILABLE
;1MMM493;;;;;;;;;;AVAILABLE
;2BRS518;;;;;;;;;;AVAILABLE
;1MMP492;;;;;;;;;;AVAILABLE
;2RIL483;;;;;;;;;;AVAILABLE
;2CCT486;;;;;;;;;;AVAILABLE
;3MMQ459;;;;;;;;;;AVAILABLE
;2BIT496;;;;;;;;;;AVAILABLE
;3MMX385;;;;;;;;;;AVAILABLE
;2RAL468;;;;;;;;;;AVAILABLE
;3MMQ462;;;;;;;;;;AVAILABLE
;3MMX443;;;;;;;;;;AVAILABLE
;3MMQ446;;;;;;;;;;AVAILABLE
;2SMP474;;;;;;;;;;AVAILABLE
;3MMX421;;;;;;;;;;AVAILABLE
;3MMX445;;;;;;;;;;AVAILABLE
;1MMP379;;;;;;;;;;AVAILABLE
;3MMX387;;;;;;;;;;AVAILABLE
;3MMX412;;;;;;;;;;AVAILABLE
;2YIL328;;;;;;;;;;AVAILABLE
;2PAZ362;;;;;;;;;;AVAILABLE
;2PAZ332;;;;;;;;;;AVAILABLE
;2MLW330;;;;;;;;;;AVAILABLE
;2WSS264;;;;;;;;;;AVAILABLE
;1MMM286;;;;;;;;;;AVAILABLE
;1MMM298;;;;;;;;;;AVAILABLE
;1MMM276;;;;;;;;;;AVAILABLE
;2SOL172;;;;;;;;;;AVAILABLE
;2MLL309;;;;;;;;;;AVAILABLE
;2EST241;;;;;;;;;;AVAILABLE
;1MMM289;;;;;;;;;;AVAILABLE
;2EST242;;;;;;;;;;AVAILABLE
;2MLG213;;;;;;;;;;AVAILABLE
;2PAW235;;;;;;;;;;AVAILABLE
;2MLZ186;;;;;;;;;;AVAILABLE
;2ESJ122;;;;;;;;;;AVAILABLE
;2EGD134;;;;;;;;;;AVAILABLE
;2LRT145;;;;;;;;;;AVAILABLE
;2ATS196;;;;;;;;;;AVAILABLE
;2KHT144;;;;;;;;;;AVAILABLE
;2EST110;;;;;;;;;;AVAILABLE
;2DBT105;;;;;;;;;;AVAILABLE
;2TIL673;;;;;;;;;;AVAILABLE
;2MLJ156;;;;;;;;;;AVAILABLE
;2LRT146;;;;;;;;;;AVAILABLE
;2PAT571;;;;;;;;;;AVAILABLE
;2EGT133;;;;;;;;;;AVAILABLE
;2KCT577;;;;;;;;;;AVAILABLE
;2RAT549;;;;;;;;;;AVAILABLE
;2LTT659;;;;;;;;;;AVAILABLE
;2EST111;;;;;;;;;;AVAILABLE
;1MMP91;;;;;;;;;;AVAILABLE
;2HGT707;;;;;;;;;;AVAILABLE
;2TMT685;;;;;;;;;;AVAILABLE
;2EST109;;;;;;;;;;AVAILABLE
;1MMT18;;;;;;;;;;AVAILABLE
;1MMS39;;;;;;;;;;AVAILABLE
;1MMS37;;;;;;;;;;AVAILABLE
;1MMS34;;;;;;;;;;AVAILABLE
;1MMZ29;;;;;;;;;;AVAILABLE
;1MMS41;;;;;;;;;;AVAILABLE
;1MMT15;;;;;;;;;;AVAILABLE
;1MMX68;;;;;;;;;;AVAILABLE
;1MMX74;;;;;;;;;;AVAILABLE
;2HGT670;;;;;;;;;;AVAILABLE
;2EXZ698;;;;;;;;;;AVAILABLE
;2RAJ500;;;;;;;;;;AVAILABLE
;2SDP505;;;;;;;;;;AVAILABLE
;1MMX476;;;;;;;;;;AVAILABLE
;2PAT548;;;;;;;;;;AVAILABLE
;1MMTD735;;;;;;;;;;AVAILABLE
;1MMDR733;;;;;;;;;;AVAILABLE
;2UFR747;;;;;;;;;;AVAILABLE
;1MMU727;;;;;;;;;;AVAILABLE
;2MEL777;;;;;;;;;;AVAILABLE
;2MEJ774;;;;;;;;;;AVAILABLE
;1MMU722;;;;;;;;;;AVAILABLE
;1MMDR734;;;;;;;;;;AVAILABLE
;2WTT749;;;;;;;;;;AVAILABLE
;2HGT763;;;;;;;;;;AVAILABLE
;2PAJ773;;;;;;;;;;AVAILABLE
;1MMX748;;;;;;;;;;AVAILABLE
;1MMU721;;;;;;;;;;AVAILABLE
;1MMTI726;;;;;;;;;;AVAILABLE
;1MMY720;;;;;;;;;;AVAILABLE
;2MEJ775;;;;;;;;;;AVAILABLE
;2HGT760;;;;;;;;;;AVAILABLE
;1MMDR732;;;;;;;;;;AVAILABLE
;2MLC755;;;;;;;;;;AVAILABLE
;2HGT764;;;;;;;;;;AVAILABLE
;2MLS754;;;;;;;;;;AVAILABLE
;2APT752;;;;;;;;;;AVAILABLE
;2MLZ751;;;;;;;;;;AVAILABLE
;2HGT759;;;;;;;;;;AVAILABLE
;2UFL739;;;;;;;;;;AVAILABLE
;2HGT757;;;;;;;;;;AVAILABLE
;1MMZ725;;;;;;;;;;AVAILABLE
;2MEJ779;;;;;;;;;;AVAILABLE
;2UFL738;;;;;;;;;;AVAILABLE
;1MMX745;;;;;;;;;;AVAILABLE
;1MMU723;;;;;;;;;;AVAILABLE
;1MMYK730;;;;;;;;;;AVAILABLE
;2WTP770;;;;;;;;;;AVAILABLE
;2UFZ762;;;;;;;;;;AVAILABLE
;1MMCN737;;;;;;;;;;AVAILABLE
;2MEJ778;;;;;;;;;;AVAILABLE
;2MEJ746;;;;;;;;;;AVAILABLE
;1MMYK731;;;;;;;;;;AVAILABLE
;1MMX750;;;;;;;;;;AVAILABLE
;1MMM729;;;;;;;;;;AVAILABLE
;2TIL741;;;;;;;;;;AVAILABLE
;2HGT758;;;;;;;;;;AVAILABLE
;1MMTD736;;;;;;;;;;AVAILABLE
;2PAL772;;;;;;;;;;AVAILABLE
;1MMU728;;;;;;;;;;AVAILABLE
;2HGT765;;;;;;;;;;AVAILABLE
;2MEL776;;;;;;;;;;AVAILABLE
;1MMU724;;;;;;;;;;AVAILABLE
;3MMX413;;;;;;;;;;AVAILABLE
;2TST815;;;;;;;;;;AVAILABLE
;2HGL830;;;;;;;;;;AVAILABLE
;2HGT798;;;;;;;;;;AVAILABLE
;2TMT829;;;;;;;;;;AVAILABLE
;2SCB827;;;;;;;;;;AVAILABLE
;2HGT802;;;;;;;;;;AVAILABLE
;2MHT792;;;;;;;;;;AVAILABLE
;2UFT807;;;;;;;;;;AVAILABLE
;2MEZ824;;;;;;;;;;AVAILABLE
;1MMX788;;;;;;;;;;AVAILABLE
;2SIT819;;;;;;;;;;AVAILABLE
;2TST786;;;;;;;;;;AVAILABLE
;2HGL795;;;;;;;;;;AVAILABLE
;2CRT823;;;;;;;;;;AVAILABLE
;2TIL828;;;;;;;;;;AVAILABLE
;2TST814;;;;;;;;;;AVAILABLE
;2SIZ822;;;;;;;;;;AVAILABLE
;2ESG790;;;;;;;;;;AVAILABLE
;2UFT808;;;;;;;;;;AVAILABLE
;2HGT810;;;;;;;;;;AVAILABLE
;2SIT821;;;;;;;;;;AVAILABLE
;2MLW804;;;;;;;;;;AVAILABLE
;2SIL784;;;;;;;;;;AVAILABLE
;2HGT796;;;;;;;;;;AVAILABLE
;2TST811;;;;;;;;;;AVAILABLE
;2MLJ806;;;;;;;;;;AVAILABLE
;2SIT820;;;;;;;;;;AVAILABLE
;2FEL782;;;;;;;;;;AVAILABLE
;2WTP793;;;;;;;;;;AVAILABLE
;2TST812;;;;;;;;;;AVAILABLE
;2MOJ799;;;;;;;;;;AVAILABLE
;2TMT781;;;;;;;;;;AVAILABLE
;2TST787;;;;;;;;;;AVAILABLE
;2HGZ805;;;;;;;;;;AVAILABLE
;2HGT803;;;;;;;;;;AVAILABLE
;2SEL783;;;;;;;;;;AVAILABLE
;2TST817;;;;;;;;;;AVAILABLE
;2ZIL794;;;;;;;;;;AVAILABLE
;2HGT801;;;;;;;;;;AVAILABLE
;2HGT797;;;;;;;;;;AVAILABLE
;2SIL785;;;;;;;;;;AVAILABLE
;2TST813;;;;;;;;;;AVAILABLE
;2TIL791;;;;;;;;;;AVAILABLE
;2HGT809;;;;;;;;;;AVAILABLE
;2HGT789;;;;;;;;;;AVAILABLE
;2TST816;;;;;;;;;;AVAILABLE
;2TLF826;;;;;;;;;;AVAILABLE
;2TST818;;;;;;;;;;AVAILABLE
;2HGT800;;;;;;;;;;AVAILABLE
;2TMT780;;;;;;;;;;AVAILABLE
;1MMX533;;;;;;;;;;AVAILABLE
;2DCT831;;;;;;;;;;AVAILABLE
;2BQL832;;;;;;;;;;AVAILABLE
;2MLT534;;;;;;;;;;AVAILABLE
;2PAZ502;;;;;;;;;;AVAILABLE
;2RAT710;;;;;;;;;;AVAILABLE
;2UCT566;;;;;;;;;;AVAILABLE
;2PAT517;;;;;;;;;;AVAILABLE
;2MLT211;;;;;;;;;;AVAILABLE
;2EGG515;;;;;;;;;;AVAILABLE
;2MLT212;;;;;;;;;;AVAILABLE
;2MLT649;;;;;;;;;;AVAILABLE
;2EST558;;;;;;;;;;AVAILABLE
;2BRS536;;;;;;;;;;AVAILABLE
;2MLT648;;;;;;;;;;AVAILABLE
;1MMX485;;;;;;;;;;AVAILABLE
;1MMP78;;;;;;;;;;AVAILABLE
;2PAC537;;;;;;;;;;AVAILABLE
;2EST557;;;;;;;;;;AVAILABLE
;2RAL503;;;;;;;;;;AVAILABLE
;2VES484;;;;;;;;;;AVAILABLE
;2KHT473;;;;;;;;;;AVAILABLE
;3MMQ450;;;;;;;;;;AVAILABLE
;3MMX442;;;;;;;;;;AVAILABLE
;3MMX405;;;;;;;;;;AVAILABLE
;3MMX391;;;;;;;;;;AVAILABLE
;3MMX402;;;;;;;;;;AVAILABLE
;1MMX364;;;;;;;;;;AVAILABLE
;2CCZ312;;;;;;;;;;AVAILABLE
;2ATS335;;;;;;;;;;AVAILABLE
;2MLZ261;;;;;;;;;;AVAILABLE
;2EST112;;;;;;;;;;AVAILABLE
;2SCB647;;;;;;;;;;AVAILABLE
;2RAL526;;;;;;;;;;AVAILABLE
;2CMJ651;;;;;;;;;;AVAILABLE
;1MMM616;;;;;;;;;;AVAILABLE
;2RAT524;;;;;;;;;;AVAILABLE
;2KHT544;;;;;;;;;;AVAILABLE
;2SCB677;;;;;;;;;;AVAILABLE
;2MUT676;;;;;;;;;;AVAILABLE
;2HGT697;;;;;;;;;;AVAILABLE
;2MUT675;;;;;;;;;;AVAILABLE
;2BRS511;;;;;;;;;;AVAILABLE
;2HGT668;;;;;;;;;;AVAILABLE
;2KTT644;;;;;;;;;;AVAILABLE
;2RAZ572;;;;;;;;;;AVAILABLE
;2PAT598;;;;;;;;;;AVAILABLE
;2RAT570;;;;;;;;;;AVAILABLE
;1MMM607;;;;;;;;;;AVAILABLE
;2MLS545;;;;;;;;;;AVAILABLE
;3MMQ455;;;;;;;;;;AVAILABLE
;2KHT491;;;;;;;;;;AVAILABLE
;3MMX439;;;;;;;;;;AVAILABLE
;1MMX478;;;;;;;;;;AVAILABLE
;3MMX437;;;;;;;;;;AVAILABLE
;2CCL381;;;;;;;;;;AVAILABLE
;2BDT95;;;;;;;;;;AVAILABLE
;1MMM618;;;;;;;;;;AVAILABLE
;2MLZ563;;;;;;;;;;AVAILABLE
;2PAL553;;;;;;;;;;AVAILABLE
;2MLN653;;;;;;;;;;AVAILABLE
;2HGT706;;;;;;;;;;AVAILABLE
;1MMM617;;;;;;;;;;AVAILABLE
;2KTT643;;;;;;;;;;AVAILABLE
;2HGT667;;;;;;;;;;AVAILABLE
;2CMT599;;;;;;;;;;AVAILABLE
;2RUT604;;;;;;;;;;AVAILABLE
;2SCB551;;;;;;;;;;AVAILABLE
;2KCT589;;;;;;;;;;AVAILABLE
;2PAZ594;;;;;;;;;;AVAILABLE
;2MLS497;;;;;;;;;;AVAILABLE
;3MMQ447;;;;;;;;;;AVAILABLE
;2KPT480;;;;;;;;;;AVAILABLE
;2EST590;;;;;;;;;;AVAILABLE
;2EGH540;;;;;;;;;;AVAILABLE
;3MMQ458;;;;;;;;;;AVAILABLE
;2RAL525;;;;;;;;;;AVAILABLE
;3MMX417;;;;;;;;;;AVAILABLE
;1MMP377;;;;;;;;;;AVAILABLE
;2TIL488;;;;;;;;;;AVAILABLE
;2GCT382;;;;;;;;;;AVAILABLE
;3MMQ448;;;;;;;;;;AVAILABLE
;2PAT504;;;;;;;;;;AVAILABLE
;3MMX432;;;;;;;;;;AVAILABLE
;2EGH337;;;;;;;;;;AVAILABLE
;1MMM313;;;;;;;;;;AVAILABLE
;1MMM300;;;;;;;;;;AVAILABLE
;3MMX390;;;;;;;;;;AVAILABLE
;1MMM380;;;;;;;;;;AVAILABLE
;2MLJ327;;;;;;;;;;AVAILABLE
;2PAD210;;;;;;;;;;AVAILABLE
;1MMM267;;;;;;;;;;AVAILABLE
;2TIT326;;;;;;;;;;AVAILABLE
;2BDT308;;;;;;;;;;AVAILABLE
;2LLT354;;;;;;;;;;AVAILABLE
;2EST243;;;;;;;;;;AVAILABLE
;2AAT348;;;;;;;;;;AVAILABLE
;1MMM278;;;;;;;;;;AVAILABLE
;1MMP226;;;;;;;;;;AVAILABLE
;2MLD149;;;;;;;;;;AVAILABLE
;2SOJ171;;;;;;;;;;AVAILABLE
;2CRB221;;;;;;;;;;AVAILABLE
;2SOL174;;;;;;;;;;AVAILABLE
;2CCS103;;;;;;;;;;AVAILABLE
;2EST197;;;;;;;;;;AVAILABLE
;2SOL173;;;;;;;;;;AVAILABLE
;2EMZ142;;;;;;;;;;AVAILABLE
;2DBT104;;;;;;;;;;AVAILABLE
;2EGT125;;;;;;;;;;AVAILABLE
;1MMP77;;;;;;;;;;AVAILABLE
;1MMX65;;;;;;;;;;AVAILABLE
;2BST627;;;;;;;;;;AVAILABLE
;2CCS101;;;;;;;;;;AVAILABLE
;2MCT646;;;;;;;;;;AVAILABLE
;2FQT680;;;;;;;;;;AVAILABLE
;2TMT682;;;;;;;;;;AVAILABLE
;2UCT564;;;;;;;;;;AVAILABLE
;2UGT694;;;;;;;;;;AVAILABLE
;2HGT665;;;;;;;;;;AVAILABLE
;1MMM615;;;;;;;;;;AVAILABLE
;2HGT696;;;;;;;;;;AVAILABLE
;2MMP635;;;;;;;;;;AVAILABLE
;2EST591;;;;;;;;;;AVAILABLE
;2TMT684;;;;;;;;;;AVAILABLE
;2CMT600;;;;;;;;;;AVAILABLE
;2LRT520;;;;;;;;;;AVAILABLE
;2RAT538;;;;;;;;;;AVAILABLE
;1MMY620;;;;;;;;;;AVAILABLE
;2RUT603;;;;;;;;;;AVAILABLE
;2JSP508;;;;;;;;;;AVAILABLE
;1MMY494;;;;;;;;;;AVAILABLE
;3MMX433;;;;;;;;;;AVAILABLE
;2PAT516;;;;;;;;;;AVAILABLE
;2RAL499;;;;;;;;;;AVAILABLE
;2DST469;;;;;;;;;;AVAILABLE
;1MMX365;;;;;;;;;;AVAILABLE
;3MMQ449;;;;;;;;;;AVAILABLE
;2WTP463;;;;;;;;;;AVAILABLE
;2CCS349;;;;;;;;;;AVAILABLE
;1MMM376;;;;;;;;;;AVAILABLE
;2CRB475;;;;;;;;;;AVAILABLE
;3MMX403;;;;;;;;;;AVAILABLE
;3MMX410;;;;;;;;;;AVAILABLE
;2TLF358;;;;;;;;;;AVAILABLE
;2CCS321;;;;;;;;;;AVAILABLE
;2KCT345;;;;;;;;;;AVAILABLE
;1MMM316;;;;;;;;;;AVAILABLE
;2PAT255;;;;;;;;;;AVAILABLE
;1MMM314;;;;;;;;;;AVAILABLE
;2BRI339;;;;;;;;;;AVAILABLE
;2TLF184;;;;;;;;;;AVAILABLE
;2MLO260;;;;;;;;;;AVAILABLE
;2MLD331;;;;;;;;;;AVAILABLE
;1MMM285;;;;;;;;;;AVAILABLE
;1MMM301;;;;;;;;;;AVAILABLE
;1MMM297;;;;;;;;;;AVAILABLE
;1MMM282;;;;;;;;;;AVAILABLE
;1MMM299;;;;;;;;;;AVAILABLE
;2MLS220;;;;;;;;;;AVAILABLE
;1MMP224;;;;;;;;;;AVAILABLE
;2PAT254;;;;;;;;;;AVAILABLE
;2WTP189;;;;;;;;;;AVAILABLE
;2PAZ163;;;;;;;;;;AVAILABLE
;2MLS203;;;;;;;;;;AVAILABLE
;1MMP225;;;;;;;;;;AVAILABLE
;2EGL141;;;;;;;;;;AVAILABLE
;2EST117;;;;;;;;;;AVAILABLE
;2MLL158;;;;;;;;;;AVAILABLE
;2MLZ663;;;;;;;;;;AVAILABLE
;2TMT686;;;;;;;;;;AVAILABLE
;2TMT683;;;;;;;;;;AVAILABLE
;2ESK655;;;;;;;;;;AVAILABLE
;2UCZ626;;;;;;;;;;AVAILABLE
;1MMM609;;;;;;;;;;AVAILABLE
;1MMX70;;;;;;;;;;AVAILABLE
;2CCZ102;;;;;;;;;;AVAILABLE
;2LTT660;;;;;;;;;;AVAILABLE
;1MMM610;;;;;;;;;;AVAILABLE
;2MLS529;;;;;;;;;;AVAILABLE
;2RAT569;;;;;;;;;;AVAILABLE
;2RAT578;;;;;;;;;;AVAILABLE
;2UCT565;;;;;;;;;;AVAILABLE
;2RAT586;;;;;;;;;;AVAILABLE
;2PAZ556;;;;;;;;;;AVAILABLE
;2RAT579;;;;;;;;;;AVAILABLE
;2RAT546;;;;;;;;;;AVAILABLE
;2RAT580;;;;;;;;;;AVAILABLE
;2MLT542;;;;;;;;;;AVAILABLE
;2MLL489;;;;;;;;;;AVAILABLE
;2LRP507;;;;;;;;;;AVAILABLE
;2RAL498;;;;;;;;;;AVAILABLE
;2BRB506;;;;;;;;;;AVAILABLE
;2YIL481;;;;;;;;;;AVAILABLE
;3MMQ452;;;;;;;;;;AVAILABLE
;3MMX440;;;;;;;;;;AVAILABLE
;2KCT344;;;;;;;;;;AVAILABLE
;3MMX401;;;;;;;;;;AVAILABLE
;3MMQ451;;;;;;;;;;AVAILABLE
;1MMM374;;;;;;;;;;AVAILABLE
;1MMM293;;;;;;;;;;AVAILABLE
;2RIL320;;;;;;;;;;AVAILABLE
;1MMM273;;;;;;;;;;AVAILABLE
;2ZET347;;;;;;;;;;AVAILABLE
;1MMM305;;;;;;;;;;AVAILABLE
;3MMX386;;;;;;;;;;AVAILABLE
;2EGE230;;;;;;;;;;AVAILABLE
;1MMM288;;;;;;;;;;AVAILABLE
;2TIT181;;;;;;;;;;AVAILABLE
;2MLC258;;;;;;;;;;AVAILABLE
;1MMM304;;;;;;;;;;AVAILABLE
;1MMM275;;;;;;;;;;AVAILABLE
;2PAZ253;;;;;;;;;;AVAILABLE
;1MMM284;;;;;;;;;;AVAILABLE
;1MMM272;;;;;;;;;;AVAILABLE
;2EST239;;;;;;;;;;AVAILABLE
;2MLL201;;;;;;;;;;AVAILABLE
;1MMX249;;;;;;;;;;AVAILABLE
;2WTP191;;;;;;;;;;AVAILABLE
;2RAL168;;;;;;;;;;AVAILABLE
;2MLJ157;;;;;;;;;;AVAILABLE
;2EGG137;;;;;;;;;;AVAILABLE
;2LRT147;;;;;;;;;;AVAILABLE
;2ESL704;;;;;;;;;;AVAILABLE
;2EGT127;;;;;;;;;;AVAILABLE
;2RAS629;;;;;;;;;;AVAILABLE
;2MLZ152;;;;;;;;;;AVAILABLE
;2EGT130;;;;;;;;;;AVAILABLE
;2PAZ631;;;;;;;;;;AVAILABLE
;2MLG639;;;;;;;;;;AVAILABLE
;1MM612;;;;;;;;;;AVAILABLE
;2BRG472;;;;;;;;;;AVAILABLE
;2LTT669;;;;;;;;;;AVAILABLE
;2RAL531;;;;;;;;;;AVAILABLE
;2NTP622;;;;;;;;;;AVAILABLE
;2HGT664;;;;;;;;;;AVAILABLE
;2EGZ601;;;;;;;;;;AVAILABLE
;2MLL642;;;;;;;;;;AVAILABLE
;2MLV650;;;;;;;;;;AVAILABLE
;2BRB535;;;;;;;;;;AVAILABLE
;2RAT585;;;;;;;;;;AVAILABLE
;3MMQ454;;;;;;;;;;AVAILABLE
;2SCT561;;;;;;;;;;AVAILABLE
;3MMQ460;;;;;;;;;;AVAILABLE
;2MLL567;;;;;;;;;;AVAILABLE
;3MMX424;;;;;;;;;;AVAILABLE
;2CRB383;;;;;;;;;;AVAILABLE
;2MLT701;;;;;;;;;;AVAILABLE
;3MMX409;;;;;;;;;;AVAILABLE
;1MMM378;;;;;;;;;;AVAILABLE
;1MMM360;;;;;;;;;;AVAILABLE
;2RAZ352;;;;;;;;;;AVAILABLE
;3MMX397;;;;;;;;;;AVAILABLE
;3MMX438;;;;;;;;;;AVAILABLE
;1MMM295;;;;;;;;;;AVAILABLE
;1MMX375;;;;;;;;;;AVAILABLE
;2EGH338;;;;;;;;;;AVAILABLE
;2PAZ333;;;;;;;;;;AVAILABLE
;1MMM277;;;;;;;;;;AVAILABLE
;2MKW324;;;;;;;;;;AVAILABLE
;1MMM274;;;;;;;;;;AVAILABLE
;1MMM287;;;;;;;;;;AVAILABLE
;2UEP244;;;;;;;;;;AVAILABLE
;2LRP247;;;;;;;;;;AVAILABLE
;2MLJ215;;;;;;;;;;AVAILABLE
;1MMM279;;;;;;;;;;AVAILABLE
;2TIL183;;;;;;;;;;AVAILABLE
;1MMP227;;;;;;;;;;AVAILABLE
;2MLS223;;;;;;;;;;AVAILABLE
;2EST120;;;;;;;;;;AVAILABLE
;2RAL169;;;;;;;;;;AVAILABLE
;1MMX64;;;;;;;;;;AVAILABLE
;2RAL222;;;;;;;;;;AVAILABLE
;2ASS245;;;;;;;;;;AVAILABLE
;2ATS195;;;;;;;;;;AVAILABLE
;1MMX248;;;;;;;;;;AVAILABLE
;2MLZ150;;;;;;;;;;AVAILABLE
;2EGR231;;;;;;;;;;AVAILABLE
;2PAL162;;;;;;;;;;AVAILABLE
;2SLT170;;;;;;;;;;AVAILABLE
;2EGT126;;;;;;;;;;AVAILABLE
;2EGL139;;;;;;;;;;AVAILABLE
;2MLZ151;;;;;;;;;;AVAILABLE
;2EGW198;;;;;;;;;;AVAILABLE
;2EGT128;;;;;;;;;;AVAILABLE
;2EXZ703;;;;;;;;;;AVAILABLE
;2KCT692;;;;;;;;;;AVAILABLE
;2VET634;;;;;;;;;;AVAILABLE
;1MM611;;;;;;;;;;AVAILABLE
;2HGT699;;;;;;;;;;AVAILABLE
;1MMM705;;;;;;;;;;AVAILABLE
;2APT679;;;;;;;;;;AVAILABLE
;2VET185;;;;;;;;;;AVAILABLE
;2ESZ121;;;;;;;;;;AVAILABLE
;2EGL140;;;;;;;;;;AVAILABLE
;2CCS98;;;;;;;;;;AVAILABLE
;1MMP92;;;;;;;;;;AVAILABLE
;2UGT695;;;;;;;;;;AVAILABLE
;2CNT689;;;;;;;;;;AVAILABLE
;2KCT691;;;;;;;;;;AVAILABLE
;2RRP640;;;;;;;;;;AVAILABLE
;2SRP630;;;;;;;;;;AVAILABLE
;2SCB641;;;;;;;;;;AVAILABLE
;2MLS638;;;;;;;;;;AVAILABLE
;2RAZ573;;;;;;;;;;AVAILABLE
;2PAZ575;;;;;;;;;;AVAILABLE
;2RAT587;;;;;;;;;;AVAILABLE
;2RR583;;;;;;;;;;AVAILABLE
;2RAL532;;;;;;;;;;AVAILABLE
;2MLJ509;;;;;;;;;;AVAILABLE
;2MST482;;;;;;;;;;AVAILABLE
;2PAL501;;;;;;;;;;AVAILABLE
;3MMX418;;;;;;;;;;AVAILABLE
;2PAZ234;;;;;;;;;;AVAILABLE
;2RAT711;;;;;;;;;;AVAILABLE
;2HGT700;;;;;;;;;;AVAILABLE
;2TLF657;;;;;;;;;;AVAILABLE
;2PAT632;;;;;;;;;;AVAILABLE
;2PAZ592;;;;;;;;;;AVAILABLE
;2SDT177;;;;;;;;;;AVAILABLE
;1MMS32;;;;;;;;;;AVAILABLE
;2WBP188;;;;;;;;;;AVAILABLE
;2ESJ368;;;;;;;;;;AVAILABLE
;1MM75;;;;;;;;;;AVAILABLE
;1MMX62;;;;;;;;;;AVAILABLE
;1MMX72;;;;;;;;;;AVAILABLE
;1MMP76;;;;;;;;;;AVAILABLE
;2CRB97;;;;;;;;;;AVAILABLE
;1MMX51;;;;;;;;;;AVAILABLE
;2RAT568;;;;;;;;;;AVAILABLE
;2MLZ681;;;;;;;;;;AVAILABLE
;3MMX427;;;;;;;;;;AVAILABLE
;3MMX430;;;;;;;;;;AVAILABLE
;2EGT123;;;;;;;;;;AVAILABLE
;1MMP79;;;;;;;;;;AVAILABLE
;1MMP86;;;;;;;;;;AVAILABLE
;1MMZ23;;;;;;;;;;AVAILABLE
;1MMP81;;;;;;;;;;AVAILABLE
;1MMX55;;;;;;;;;;AVAILABLE
;1MMJ26;;;;;;;;;;AVAILABLE
;1MML10;;;;;;;;;;AVAILABLE
;1MMX54;;;;;;;;;;AVAILABLE
;1MMX56;;;;;;;;;;AVAILABLE
;1MMP90;;;;;;;;;;AVAILABLE
;1MMP84;;;;;;;;;;AVAILABLE
;1MMP89;;;;;;;;;;AVAILABLE
;1MMP85;;;;;;;;;;AVAILABLE
;1MMP19;;;;;;;;;;AVAILABLE
;1MML3;;;;;;;;;;AVAILABLE
;1MMP83;;;;;;;;;;AVAILABLE
;1MMP88;;;;;;;;;;AVAILABLE
;1MMJ28;;;;;;;;;;AVAILABLE
;1MMF45;;;;;;;;;;AVAILABLE
;3MMX408;;;;;;;;;;AVAILABLE
;1MMT11;;;;;;;;;;AVAILABLE
;1MMP20;;;;;;;;;;AVAILABLE
;1MMT12;;;;;;;;;;AVAILABLE
;1MMT14;;;;;;;;;;AVAILABLE
;1MML4;;;;;;;;;;AVAILABLE
;1MML9;;;;;;;;;;AVAILABLE
;1MML2;;;;;;;;;;AVAILABLE
;1MMT17;;;;;;;;;;AVAILABLE
;1MMS36;;;;;;;;;;AVAILABLE
;1MMP21;;;;;;;;;;AVAILABLE
;1MMS33;;;;;;;;;;AVAILABLE
;2HGT672;;;;;;;;;;AVAILABLE
;3MMX436;;;;;;;;;;AVAILABLE
;1MML1;;;;;;;;;;AVAILABLE
;3MMX444;;;;;;;;;;AVAILABLE
;1MML7;;;;;;;;;;AVAILABLE
;3MMX392;;;;;;;;;;AVAILABLE
;3MMX399;;;;;;;;;;AVAILABLE
;2MLL159;;;;;;;;;;AVAILABLE
;2RAJ310;;;;;;;;;;AVAILABLE
;2CNT690;;;;;;;;;;AVAILABLE
;2TMT687;;;;;;;;;;AVAILABLE
;1MML8;;;;;;;;;;AVAILABLE
;1MMX63;;;;;;;;;;AVAILABLE
;1MMX47;;;;;;;;;;AVAILABLE
;1MMS31;;;;;;;;;;AVAILABLE
;1MMX58;;;;;;;;;;AVAILABLE
;1MMX61;;;;;;;;;;AVAILABLE
;1MMX59;;;;;;;;;;AVAILABLE
;1MMX57;;;;;;;;;;AVAILABLE
;3MMX394;;;;;;;;;;AVAILABLE
;1MMZ24;;;;;;;;;;AVAILABLE
;1MMZ25;;;;;;;;;;AVAILABLE
;1MMP22;;;;;;;;;;AVAILABLE
;3MMX404;;;;;;;;;;AVAILABLE
;3MMX400;;;;;;;;;;AVAILABLE
;2KCT343;;;;;;;;;;AVAILABLE
;2PAW334;;;;;;;;;;AVAILABLE
;1MMP207;;;;;;;;;;AVAILABLE
;1MMX50;;;;;;;;;;AVAILABLE
;1MMX48;;;;;;;;;;AVAILABLE
;1MMX46;;;;;;;;;;AVAILABLE
;1MMS43;;;;;;;;;;AVAILABLE
;2TIL187;;;;;;;;;;AVAILABLE
;2PAZ160;;;;;;;;;;AVAILABLE
;2EST119;;;;;;;;;;AVAILABLE
;1MMX52;;;;;;;;;;AVAILABLE
;1MMS40;;;;;;;;;;AVAILABLE
;1MMT13;;;;;;;;;;AVAILABLE
;1MMX49;;;;;;;;;;AVAILABLE
;2SOL175;;;;;;;;;;AVAILABLE
;2RAL166;;;;;;;;;;AVAILABLE
;1MMX67;;;;;;;;;;AVAILABLE
;2EGD232;;;;;;;;;;AVAILABLE
;2ASZ93;;;;;;;;;;AVAILABLE
;1MMX53;;;;;;;;;;AVAILABLE
;2EST645;;;;;;;;;;AVAILABLE
;2TLF262;;;;;;;;;;AVAILABLE
;1MMX477;;;;;;;;;;AVAILABLE
;3MMQ457;;;;;;;;;;AVAILABLE