BAY;Max Tonnage;Max loads;SiteId;
New Transport 1;50;1;a1b2c3d4-e5f6-4789-a012-3456789abcde;
New Transport 2;50;1;a1b2c3d4-e5f6-4789-a012-3456789abcde;
New Transport 3;50;1;a1b2c3d4-e5f6-4789-a012-3456789abcde;
New Transport 4;50;1;a1b2c3d4-e5f6-4789-a012-3456789abcde;
New Transport 5;50;1;a1b2c3d4-e5f6-4789-a012-3456789abcde;
New Transport 6;50;1;a1b2c3d4-e5f6-4789-a012-3456789abcde;
Top Bay;50;1;a1b2c3d4-e5f6-4789-a012-3456789abcde;
A1;50;1;a1b2c3d4-e5f6-4789-a012-3456789abcde;
A2;50;1;a1b2c3d4-e5f6-4789-a012-3456789abcde;
A3;50;1;a1b2c3d4-e5f6-4789-a012-3456789abcde;
A4;50;1;a1b2c3d4-e5f6-4789-a012-3456789abcde;
A5;50;1;a1b2c3d4-e5f6-4789-a012-3456789abcde;
A6;50;1;a1b2c3d4-e5f6-4789-a012-3456789abcde;
A7;50;1;a1b2c3d4-e5f6-4789-a012-3456789abcde;
A8;50;1;a1b2c3d4-e5f6-4789-a012-3456789abcde;
A9;50;1;a1b2c3d4-e5f6-4789-a012-3456789abcde;
A10;50;1;a1b2c3d4-e5f6-4789-a012-3456789abcde;
A11;50;1;a1b2c3d4-e5f6-4789-a012-3456789abcde;
A12;50;1;a1b2c3d4-e5f6-4789-a012-3456789abcde;
A13;50;1;a1b2c3d4-e5f6-4789-a012-3456789abcde;
A14;50;1;a1b2c3d4-e5f6-4789-a012-3456789abcde;
A15;50;1;a1b2c3d4-e5f6-4789-a012-3456789abcde;
A16;50;1;a1b2c3d4-e5f6-4789-a012-3456789abcde;
A17;50;1;a1b2c3d4-e5f6-4789-a012-3456789abcde;
A18;50;1;a1b2c3d4-e5f6-4789-a012-3456789abcde;
A19;50;1;a1b2c3d4-e5f6-4789-a012-3456789abcde;
A20;50;1;a1b2c3d4-e5f6-4789-a012-3456789abcde;
A21;50;1;a1b2c3d4-e5f6-4789-a012-3456789abcde;
A22;50;1;a1b2c3d4-e5f6-4789-a012-3456789abcde;
A23;50;1;a1b2c3d4-e5f6-4789-a012-3456789abcde;
A24;50;1;a1b2c3d4-e5f6-4789-a012-3456789abcde;
A25;50;1;a1b2c3d4-e5f6-4789-a012-3456789abcde;
A26;50;1;a1b2c3d4-e5f6-4789-a012-3456789abcde;
A27;50;1;a1b2c3d4-e5f6-4789-a012-3456789abcde;
A28;50;1;a1b2c3d4-e5f6-4789-a012-3456789abcde;
A29;50;1;a1b2c3d4-e5f6-4789-a012-3456789abcde;
A30;50;1;a1b2c3d4-e5f6-4789-a012-3456789abcde;
A31;50;1;a1b2c3d4-e5f6-4789-a012-3456789abcde;
A32;50;1;a1b2c3d4-e5f6-4789-a012-3456789abcde;
A33;50;1;a1b2c3d4-e5f6-4789-a012-3456789abcde;
A34;50;1;a1b2c3d4-e5f6-4789-a012-3456789abcde;
A35;50;1;a1b2c3d4-e5f6-4789-a012-3456789abcde;
A36;50;1;a1b2c3d4-e5f6-4789-a012-3456789abcde;
A37;50;1;a1b2c3d4-e5f6-4789-a012-3456789abcde;
A38;50;1;a1b2c3d4-e5f6-4789-a012-3456789abcde;
A39;50;1;a1b2c3d4-e5f6-4789-a012-3456789abcde;
A40;50;1;a1b2c3d4-e5f6-4789-a012-3456789abcde;
A41;50;1;a1b2c3d4-e5f6-4789-a012-3456789abcde;
A42;50;1;a1b2c3d4-e5f6-4789-a012-3456789abcde;
A43;50;1;a1b2c3d4-e5f6-4789-a012-3456789abcde;
A44;50;1;a1b2c3d4-e5f6-4789-a012-3456789abcde;
A45;50;1;a1b2c3d4-e5f6-4789-a012-3456789abcde;
A46;50;1;a1b2c3d4-e5f6-4789-a012-3456789abcde;
A47;50;1;a1b2c3d4-e5f6-4789-a012-3456789abcde;
A48;50;1;a1b2c3d4-e5f6-4789-a012-3456789abcde;
A49;50;1;a1b2c3d4-e5f6-4789-a012-3456789abcde;
A50;50;1;a1b2c3d4-e5f6-4789-a012-3456789abcde;
A51;50;1;a1b2c3d4-e5f6-4789-a012-3456789abcde;
A52;50;1;a1b2c3d4-e5f6-4789-a012-3456789abcde;
A53;50;1;a1b2c3d4-e5f6-4789-a012-3456789abcde;
A54;50;1;a1b2c3d4-e5f6-4789-a012-3456789abcde;
A55;50;1;a1b2c3d4-e5f6-4789-a012-3456789abcde;
A56;50;1;a1b2c3d4-e5f6-4789-a012-3456789abcde;
A57;50;1;a1b2c3d4-e5f6-4789-a012-3456789abcde;
A58;50;1;a1b2c3d4-e5f6-4789-a012-3456789abcde;
A59;50;1;a1b2c3d4-e5f6-4789-a012-3456789abcde;
A60;50;1;a1b2c3d4-e5f6-4789-a012-3456789abcde;
A61;50;1;a1b2c3d4-e5f6-4789-a012-3456789abcde;
A62;50;1;a1b2c3d4-e5f6-4789-a012-3456789abcde;
A63;50;1;a1b2c3d4-e5f6-4789-a012-3456789abcde;
A64;50;1;a1b2c3d4-e5f6-4789-a012-3456789abcde;
A65;50;1;a1b2c3d4-e5f6-4789-a012-3456789abcde;
B1;50;1;a1b2c3d4-e5f6-4789-a012-3456789abcde;
B2;50;1;a1b2c3d4-e5f6-4789-a012-3456789abcde;
B3;50;1;a1b2c3d4-e5f6-4789-a012-3456789abcde;
B4;50;1;a1b2c3d4-e5f6-4789-a012-3456789abcde;
B5;50;1;a1b2c3d4-e5f6-4789-a012-3456789abcde;
B6;50;1;a1b2c3d4-e5f6-4789-a012-3456789abcde;
B7;50;1;a1b2c3d4-e5f6-4789-a012-3456789abcde;
B8;50;1;a1b2c3d4-e5f6-4789-a012-3456789abcde;
B9;50;1;a1b2c3d4-e5f6-4789-a012-3456789abcde;
B10;50;1;a1b2c3d4-e5f6-4789-a012-3456789abcde;
B11;50;1;a1b2c3d4-e5f6-4789-a012-3456789abcde;
B12;50;1;a1b2c3d4-e5f6-4789-a012-3456789abcde;
B13;50;1;a1b2c3d4-e5f6-4789-a012-3456789abcde;
B14;50;1;a1b2c3d4-e5f6-4789-a012-3456789abcde;
B15;50;1;a1b2c3d4-e5f6-4789-a012-3456789abcde;
B16;50;1;a1b2c3d4-e5f6-4789-a012-3456789abcde;
B17;50;1;a1b2c3d4-e5f6-4789-a012-3456789abcde;
B18;50;1;a1b2c3d4-e5f6-4789-a012-3456789abcde;
B19;50;1;a1b2c3d4-e5f6-4789-a012-3456789abcde;
B20;50;1;a1b2c3d4-e5f6-4789-a012-3456789abcde;
B21;50;1;a1b2c3d4-e5f6-4789-a012-3456789abcde;
B22;50;1;a1b2c3d4-e5f6-4789-a012-3456789abcde;
B23;50;1;a1b2c3d4-e5f6-4789-a012-3456789abcde;
B24;50;1;a1b2c3d4-e5f6-4789-a012-3456789abcde;
B25;50;1;a1b2c3d4-e5f6-4789-a012-3456789abcde;
B26;50;1;a1b2c3d4-e5f6-4789-a012-3456789abcde;
B27;50;1;a1b2c3d4-e5f6-4789-a012-3456789abcde;
B28;50;1;a1b2c3d4-e5f6-4789-a012-3456789abcde;
B29;50;1;a1b2c3d4-e5f6-4789-a012-3456789abcde;
B30;50;1;a1b2c3d4-e5f6-4789-a012-3456789abcde;
B31;50;1;a1b2c3d4-e5f6-4789-a012-3456789abcde;
B32;50;1;a1b2c3d4-e5f6-4789-a012-3456789abcde;
B33;50;1;a1b2c3d4-e5f6-4789-a012-3456789abcde;
B34;50;1;a1b2c3d4-e5f6-4789-a012-3456789abcde;
B35;50;1;a1b2c3d4-e5f6-4789-a012-3456789abcde;
B36;50;1;a1b2c3d4-e5f6-4789-a012-3456789abcde;
B37;50;1;a1b2c3d4-e5f6-4789-a012-3456789abcde;
B38;50;1;a1b2c3d4-e5f6-4789-a012-3456789abcde;
B39;50;1;a1b2c3d4-e5f6-4789-a012-3456789abcde;
B40;50;1;a1b2c3d4-e5f6-4789-a012-3456789abcde;
B41;50;1;a1b2c3d4-e5f6-4789-a012-3456789abcde;
B42;50;1;a1b2c3d4-e5f6-4789-a012-3456789abcde;
B43;50;1;a1b2c3d4-e5f6-4789-a012-3456789abcde;
B44;50;1;a1b2c3d4-e5f6-4789-a012-3456789abcde;
B45;50;1;a1b2c3d4-e5f6-4789-a012-3456789abcde;
B46;50;1;a1b2c3d4-e5f6-4789-a012-3456789abcde;
B47;50;1;a1b2c3d4-e5f6-4789-a012-3456789abcde;
B48;50;1;a1b2c3d4-e5f6-4789-a012-3456789abcde;
B49;50;1;a1b2c3d4-e5f6-4789-a012-3456789abcde;
B50;50;1;a1b2c3d4-e5f6-4789-a012-3456789abcde;
B51;50;1;a1b2c3d4-e5f6-4789-a012-3456789abcde;
B52;50;1;a1b2c3d4-e5f6-4789-a012-3456789abcde;
B53;50;1;a1b2c3d4-e5f6-4789-a012-3456789abcde;
B54;50;1;a1b2c3d4-e5f6-4789-a012-3456789abcde;
B55;50;1;a1b2c3d4-e5f6-4789-a012-3456789abcde;
B56;50;1;a1b2c3d4-e5f6-4789-a012-3456789abcde;
B57;50;1;a1b2c3d4-e5f6-4789-a012-3456789abcde;
B58;50;1;a1b2c3d4-e5f6-4789-a012-3456789abcde;
B59;50;1;a1b2c3d4-e5f6-4789-a012-3456789abcde;
B60;50;1;a1b2c3d4-e5f6-4789-a012-3456789abcde;
B61;50;1;a1b2c3d4-e5f6-4789-a012-3456789abcde;
B62;50;1;a1b2c3d4-e5f6-4789-a012-3456789abcde;
B63;50;1;a1b2c3d4-e5f6-4789-a012-3456789abcde;
B64;50;1;a1b2c3d4-e5f6-4789-a012-3456789abcde;
B65;50;1;a1b2c3d4-e5f6-4789-a012-3456789abcde;
B66;50;1;a1b2c3d4-e5f6-4789-a012-3456789abcde;
B67;50;1;a1b2c3d4-e5f6-4789-a012-3456789abcde;
B68;50;1;a1b2c3d4-e5f6-4789-a012-3456789abcde;
B69;50;1;a1b2c3d4-e5f6-4789-a012-3456789abcde;
B70;50;1;a1b2c3d4-e5f6-4789-a012-3456789abcde;
B71;50;1;a1b2c3d4-e5f6-4789-a012-3456789abcde;
B72;50;1;a1b2c3d4-e5f6-4789-a012-3456789abcde;
B73;50;1;a1b2c3d4-e5f6-4789-a012-3456789abcde;
B74;50;1;a1b2c3d4-e5f6-4789-a012-3456789abcde;
B75;50;1;a1b2c3d4-e5f6-4789-a012-3456789abcde;
B76;50;1;a1b2c3d4-e5f6-4789-a012-3456789abcde;
B77;50;1;a1b2c3d4-e5f6-4789-a012-3456789abcde;
B78;50;1;a1b2c3d4-e5f6-4789-a012-3456789abcde;
B79;50;1;a1b2c3d4-e5f6-4789-a012-3456789abcde;
C1;50;1;a1b2c3d4-e5f6-4789-a012-3456789abcde;
C2;50;1;a1b2c3d4-e5f6-4789-a012-3456789abcde;
C3;50;1;a1b2c3d4-e5f6-4789-a012-3456789abcde;
C4;50;1;a1b2c3d4-e5f6-4789-a012-3456789abcde;
C5;50;1;a1b2c3d4-e5f6-4789-a012-3456789abcde;
C6;50;1;a1b2c3d4-e5f6-4789-a012-3456789abcde;
C7;50;1;a1b2c3d4-e5f6-4789-a012-3456789abcde;
C8;50;1;a1b2c3d4-e5f6-4789-a012-3456789abcde;
C9;50;1;a1b2c3d4-e5f6-4789-a012-3456789abcde;
C10;50;1;a1b2c3d4-e5f6-4789-a012-3456789abcde;
C11;50;1;a1b2c3d4-e5f6-4789-a012-3456789abcde;
C12;50;1;a1b2c3d4-e5f6-4789-a012-3456789abcde;
C13;50;1;a1b2c3d4-e5f6-4789-a012-3456789abcde;
C14;50;1;a1b2c3d4-e5f6-4789-a012-3456789abcde;
C15;50;1;a1b2c3d4-e5f6-4789-a012-3456789abcde;
C16;50;1;a1b2c3d4-e5f6-4789-a012-3456789abcde;
C17;50;1;a1b2c3d4-e5f6-4789-a012-3456789abcde;
C18;50;1;a1b2c3d4-e5f6-4789-a012-3456789abcde;
C19;50;1;a1b2c3d4-e5f6-4789-a012-3456789abcde;
C20;50;1;a1b2c3d4-e5f6-4789-a012-3456789abcde;
C21;50;1;a1b2c3d4-e5f6-4789-a012-3456789abcde;
C22;50;1;a1b2c3d4-e5f6-4789-a012-3456789abcde;
C23;50;1;a1b2c3d4-e5f6-4789-a012-3456789abcde;
C24;50;1;a1b2c3d4-e5f6-4789-a012-3456789abcde;
C25;50;1;a1b2c3d4-e5f6-4789-a012-3456789abcde;
C26;50;1;a1b2c3d4-e5f6-4789-a012-3456789abcde;
C27;50;1;a1b2c3d4-e5f6-4789-a012-3456789abcde;
C28;50;1;a1b2c3d4-e5f6-4789-a012-3456789abcde;
C29;50;1;a1b2c3d4-e5f6-4789-a012-3456789abcde;
C30;50;1;a1b2c3d4-e5f6-4789-a012-3456789abcde;
C31;50;1;a1b2c3d4-e5f6-4789-a012-3456789abcde;
C32;50;1;a1b2c3d4-e5f6-4789-a012-3456789abcde;
C33;50;1;a1b2c3d4-e5f6-4789-a012-3456789abcde;
C34;50;1;a1b2c3d4-e5f6-4789-a012-3456789abcde;
C35;50;1;a1b2c3d4-e5f6-4789-a012-3456789abcde;
C36;50;1;a1b2c3d4-e5f6-4789-a012-3456789abcde;
C37;50;1;a1b2c3d4-e5f6-4789-a012-3456789abcde;
C38;50;1;a1b2c3d4-e5f6-4789-a012-3456789abcde;
C39;50;1;a1b2c3d4-e5f6-4789-a012-3456789abcde;
C40;50;1;a1b2c3d4-e5f6-4789-a012-3456789abcde;
C41;50;1;a1b2c3d4-e5f6-4789-a012-3456789abcde;
C42;50;1;a1b2c3d4-e5f6-4789-a012-3456789abcde;
C43;50;1;a1b2c3d4-e5f6-4789-a012-3456789abcde;
C44;50;1;a1b2c3d4-e5f6-4789-a012-3456789abcde;
C45;50;1;a1b2c3d4-e5f6-4789-a012-3456789abcde;
C46;50;1;a1b2c3d4-e5f6-4789-a012-3456789abcde;
C47;50;1;a1b2c3d4-e5f6-4789-a012-3456789abcde;
C48;50;1;a1b2c3d4-e5f6-4789-a012-3456789abcde;
C49;50;1;a1b2c3d4-e5f6-4789-a012-3456789abcde;
C50;50;1;a1b2c3d4-e5f6-4789-a012-3456789abcde;
C51;50;1;a1b2c3d4-e5f6-4789-a012-3456789abcde;
C52;50;1;a1b2c3d4-e5f6-4789-a012-3456789abcde;
C53;50;1;a1b2c3d4-e5f6-4789-a012-3456789abcde;
C54;50;1;a1b2c3d4-e5f6-4789-a012-3456789abcde;
C55;50;1;a1b2c3d4-e5f6-4789-a012-3456789abcde;
C56;50;1;a1b2c3d4-e5f6-4789-a012-3456789abcde;
C57;50;1;a1b2c3d4-e5f6-4789-a012-3456789abcde;
C58;50;1;a1b2c3d4-e5f6-4789-a012-3456789abcde;
C59;50;1;a1b2c3d4-e5f6-4789-a012-3456789abcde;
C60;50;1;a1b2c3d4-e5f6-4789-a012-3456789abcde;
C61;50;1;a1b2c3d4-e5f6-4789-a012-3456789abcde;
C62;50;1;a1b2c3d4-e5f6-4789-a012-3456789abcde;
C63;50;1;a1b2c3d4-e5f6-4789-a012-3456789abcde;
C64;50;1;a1b2c3d4-e5f6-4789-a012-3456789abcde;
C65;50;1;a1b2c3d4-e5f6-4789-a012-3456789abcde;
C66;50;1;a1b2c3d4-e5f6-4789-a012-3456789abcde;
C67;50;1;a1b2c3d4-e5f6-4789-a012-3456789abcde;
C68;50;1;a1b2c3d4-e5f6-4789-a012-3456789abcde;
C69;50;1;a1b2c3d4-e5f6-4789-a012-3456789abcde;
C70;50;1;a1b2c3d4-e5f6-4789-a012-3456789abcde;
C71;50;1;a1b2c3d4-e5f6-4789-a012-3456789abcde;
C72;50;1;a1b2c3d4-e5f6-4789-a012-3456789abcde;
D1;50;1;a1b2c3d4-e5f6-4789-a012-3456789abcde;
D2;50;1;a1b2c3d4-e5f6-4789-a012-3456789abcde;
D3;50;1;a1b2c3d4-e5f6-4789-a012-3456789abcde;
D4;50;1;a1b2c3d4-e5f6-4789-a012-3456789abcde;
D5;50;1;a1b2c3d4-e5f6-4789-a012-3456789abcde;
D6;50;1;a1b2c3d4-e5f6-4789-a012-3456789abcde;
D7;50;1;a1b2c3d4-e5f6-4789-a012-3456789abcde;
D8;50;1;a1b2c3d4-e5f6-4789-a012-3456789abcde;
D9;50;1;a1b2c3d4-e5f6-4789-a012-3456789abcde;
D10;50;1;a1b2c3d4-e5f6-4789-a012-3456789abcde;
D11;50;1;a1b2c3d4-e5f6-4789-a012-3456789abcde;
D12;50;1;a1b2c3d4-e5f6-4789-a012-3456789abcde;
D13;50;1;a1b2c3d4-e5f6-4789-a012-3456789abcde;
D14;50;1;a1b2c3d4-e5f6-4789-a012-3456789abcde;
D15;50;1;a1b2c3d4-e5f6-4789-a012-3456789abcde;
D16;50;1;a1b2c3d4-e5f6-4789-a012-3456789abcde;
D17;50;1;a1b2c3d4-e5f6-4789-a012-3456789abcde;
D18;50;1;a1b2c3d4-e5f6-4789-a012-3456789abcde;
D19;50;1;a1b2c3d4-e5f6-4789-a012-3456789abcde;
D20;50;1;a1b2c3d4-e5f6-4789-a012-3456789abcde;
D21;50;1;a1b2c3d4-e5f6-4789-a012-3456789abcde;
D22;50;1;a1b2c3d4-e5f6-4789-a012-3456789abcde;
D23;50;1;a1b2c3d4-e5f6-4789-a012-3456789abcde;
D24;50;1;a1b2c3d4-e5f6-4789-a012-3456789abcde;
D25;50;1;a1b2c3d4-e5f6-4789-a012-3456789abcde;
D26;50;1;a1b2c3d4-e5f6-4789-a012-3456789abcde;
D27;50;1;a1b2c3d4-e5f6-4789-a012-3456789abcde;
D28;50;1;a1b2c3d4-e5f6-4789-a012-3456789abcde;
D29;50;1;a1b2c3d4-e5f6-4789-a012-3456789abcde;
D30;50;1;a1b2c3d4-e5f6-4789-a012-3456789abcde;
D31;50;1;a1b2c3d4-e5f6-4789-a012-3456789abcde;
D32;50;1;a1b2c3d4-e5f6-4789-a012-3456789abcde;
D33;50;1;a1b2c3d4-e5f6-4789-a012-3456789abcde;
D34;50;1;a1b2c3d4-e5f6-4789-a012-3456789abcde;
D35;50;1;a1b2c3d4-e5f6-4789-a012-3456789abcde;
D36;50;1;a1b2c3d4-e5f6-4789-a012-3456789abcde;
D37;50;1;a1b2c3d4-e5f6-4789-a012-3456789abcde;
D38;50;1;a1b2c3d4-e5f6-4789-a012-3456789abcde;
D39;50;1;a1b2c3d4-e5f6-4789-a012-3456789abcde;
D40;50;1;a1b2c3d4-e5f6-4789-a012-3456789abcde;
D41;50;1;a1b2c3d4-e5f6-4789-a012-3456789abcde;
D42;50;1;a1b2c3d4-e5f6-4789-a012-3456789abcde;
D43;50;1;a1b2c3d4-e5f6-4789-a012-3456789abcde;
D44;50;1;a1b2c3d4-e5f6-4789-a012-3456789abcde;
D45;50;1;a1b2c3d4-e5f6-4789-a012-3456789abcde;
D46;50;1;a1b2c3d4-e5f6-4789-a012-3456789abcde;
D47;50;1;a1b2c3d4-e5f6-4789-a012-3456789abcde;
D48;50;1;a1b2c3d4-e5f6-4789-a012-3456789abcde;
D49;50;1;a1b2c3d4-e5f6-4789-a012-3456789abcde;
D50;50;1;a1b2c3d4-e5f6-4789-a012-3456789abcde;
D51;50;1;a1b2c3d4-e5f6-4789-a012-3456789abcde;
D52;50;1;a1b2c3d4-e5f6-4789-a012-3456789abcde;
D53;50;1;a1b2c3d4-e5f6-4789-a012-3456789abcde;
D54;50;1;a1b2c3d4-e5f6-4789-a012-3456789abcde;
D55;50;1;a1b2c3d4-e5f6-4789-a012-3456789abcde;
D56;50;1;a1b2c3d4-e5f6-4789-a012-3456789abcde;
D57;50;1;a1b2c3d4-e5f6-4789-a012-3456789abcde;
D58;50;1;a1b2c3d4-e5f6-4789-a012-3456789abcde;
D59;50;1;a1b2c3d4-e5f6-4789-a012-3456789abcde;
D60;50;1;a1b2c3d4-e5f6-4789-a012-3456789abcde;
D61;50;1;a1b2c3d4-e5f6-4789-a012-3456789abcde;
D62;50;1;a1b2c3d4-e5f6-4789-a012-3456789abcde;
D63;50;1;a1b2c3d4-e5f6-4789-a012-3456789abcde;
D64;50;1;a1b2c3d4-e5f6-4789-a012-3456789abcde;
E1;50;1;a1b2c3d4-e5f6-4789-a012-3456789abcde;
E2;50;1;a1b2c3d4-e5f6-4789-a012-3456789abcde;
E3;50;1;a1b2c3d4-e5f6-4789-a012-3456789abcde;
E4;50;1;a1b2c3d4-e5f6-4789-a012-3456789abcde;
E5;50;1;a1b2c3d4-e5f6-4789-a012-3456789abcde;
E6;50;1;a1b2c3d4-e5f6-4789-a012-3456789abcde;
E7;50;1;a1b2c3d4-e5f6-4789-a012-3456789abcde;
E8;50;1;a1b2c3d4-e5f6-4789-a012-3456789abcde;
E9;50;1;a1b2c3d4-e5f6-4789-a012-3456789abcde;
E10;50;1;a1b2c3d4-e5f6-4789-a012-3456789abcde;
E11;50;1;a1b2c3d4-e5f6-4789-a012-3456789abcde;
E12;50;1;a1b2c3d4-e5f6-4789-a012-3456789abcde;
E13;50;1;a1b2c3d4-e5f6-4789-a012-3456789abcde;
E14;50;1;a1b2c3d4-e5f6-4789-a012-3456789abcde;
E15;50;1;a1b2c3d4-e5f6-4789-a012-3456789abcde;
E16;50;1;a1b2c3d4-e5f6-4789-a012-3456789abcde;
E17;50;1;a1b2c3d4-e5f6-4789-a012-3456789abcde;
E18;50;1;a1b2c3d4-e5f6-4789-a012-3456789abcde;
E19;50;1;a1b2c3d4-e5f6-4789-a012-3456789abcde;
E20;50;1;a1b2c3d4-e5f6-4789-a012-3456789abcde;
E21;50;1;a1b2c3d4-e5f6-4789-a012-3456789abcde;
E22;50;1;a1b2c3d4-e5f6-4789-a012-3456789abcde;
E23;50;1;a1b2c3d4-e5f6-4789-a012-3456789abcde;
E24;50;1;a1b2c3d4-e5f6-4789-a012-3456789abcde;
E25;50;1;a1b2c3d4-e5f6-4789-a012-3456789abcde;
E26;50;1;a1b2c3d4-e5f6-4789-a012-3456789abcde;
E27;50;1;a1b2c3d4-e5f6-4789-a012-3456789abcde;
E28;50;1;a1b2c3d4-e5f6-4789-a012-3456789abcde;
E29;50;1;a1b2c3d4-e5f6-4789-a012-3456789abcde;
E30;50;1;a1b2c3d4-e5f6-4789-a012-3456789abcde;
E31;50;1;a1b2c3d4-e5f6-4789-a012-3456789abcde;
E32;50;1;a1b2c3d4-e5f6-4789-a012-3456789abcde;
E33;50;1;a1b2c3d4-e5f6-4789-a012-3456789abcde;
E34;50;1;a1b2c3d4-e5f6-4789-a012-3456789abcde;
E35;50;1;a1b2c3d4-e5f6-4789-a012-3456789abcde;
E36;50;1;a1b2c3d4-e5f6-4789-a012-3456789abcde;
E37;50;1;a1b2c3d4-e5f6-4789-a012-3456789abcde;
E38;50;1;a1b2c3d4-e5f6-4789-a012-3456789abcde;
E39;50;1;a1b2c3d4-e5f6-4789-a012-3456789abcde;
E40;50;1;a1b2c3d4-e5f6-4789-a012-3456789abcde;
E41;50;1;a1b2c3d4-e5f6-4789-a012-3456789abcde;
E42;50;1;a1b2c3d4-e5f6-4789-a012-3456789abcde;
E43;50;1;a1b2c3d4-e5f6-4789-a012-3456789abcde;
E44;50;1;a1b2c3d4-e5f6-4789-a012-3456789abcde;
E45;50;1;a1b2c3d4-e5f6-4789-a012-3456789abcde;
E46;50;1;a1b2c3d4-e5f6-4789-a012-3456789abcde;
E47;50;1;a1b2c3d4-e5f6-4789-a012-3456789abcde;
E48;50;1;a1b2c3d4-e5f6-4789-a012-3456789abcde;
E49;50;1;a1b2c3d4-e5f6-4789-a012-3456789abcde;
E50;50;1;a1b2c3d4-e5f6-4789-a012-3456789abcde;
E51;50;1;a1b2c3d4-e5f6-4789-a012-3456789abcde;
E52;50;1;a1b2c3d4-e5f6-4789-a012-3456789abcde;
E53;50;1;a1b2c3d4-e5f6-4789-a012-3456789abcde;
E54;50;1;a1b2c3d4-e5f6-4789-a012-3456789abcde;
E55;50;1;a1b2c3d4-e5f6-4789-a012-3456789abcde;
E56;50;1;a1b2c3d4-e5f6-4789-a012-3456789abcde;
E57;50;1;a1b2c3d4-e5f6-4789-a012-3456789abcde;
E58;50;1;a1b2c3d4-e5f6-4789-a012-3456789abcde;
E59;50;1;a1b2c3d4-e5f6-4789-a012-3456789abcde;
E60;50;1;a1b2c3d4-e5f6-4789-a012-3456789abcde;
F1;50;1;a1b2c3d4-e5f6-4789-a012-3456789abcde;
F2;50;1;a1b2c3d4-e5f6-4789-a012-3456789abcde;
F3;50;1;a1b2c3d4-e5f6-4789-a012-3456789abcde;
F4;50;1;a1b2c3d4-e5f6-4789-a012-3456789abcde;
F5;50;1;a1b2c3d4-e5f6-4789-a012-3456789abcde;
F6;50;1;a1b2c3d4-e5f6-4789-a012-3456789abcde;
F7;50;1;a1b2c3d4-e5f6-4789-a012-3456789abcde;
F8;50;1;a1b2c3d4-e5f6-4789-a012-3456789abcde;
F9;50;1;a1b2c3d4-e5f6-4789-a012-3456789abcde;
F10;50;1;a1b2c3d4-e5f6-4789-a012-3456789abcde;
F11;50;1;a1b2c3d4-e5f6-4789-a012-3456789abcde;
F12;50;1;a1b2c3d4-e5f6-4789-a012-3456789abcde;
F13;50;1;a1b2c3d4-e5f6-4789-a012-3456789abcde;
F14;50;1;a1b2c3d4-e5f6-4789-a012-3456789abcde;
F15;50;1;a1b2c3d4-e5f6-4789-a012-3456789abcde;
F16;50;1;a1b2c3d4-e5f6-4789-a012-3456789abcde;
F17;50;1;a1b2c3d4-e5f6-4789-a012-3456789abcde;
F18;50;1;a1b2c3d4-e5f6-4789-a012-3456789abcde;
F19;50;1;a1b2c3d4-e5f6-4789-a012-3456789abcde;
F20;50;1;a1b2c3d4-e5f6-4789-a012-3456789abcde;
F21;50;1;a1b2c3d4-e5f6-4789-a012-3456789abcde;
F22;50;1;a1b2c3d4-e5f6-4789-a012-3456789abcde;
F23;50;1;a1b2c3d4-e5f6-4789-a012-3456789abcde;
F24;50;1;a1b2c3d4-e5f6-4789-a012-3456789abcde;
F25;50;1;a1b2c3d4-e5f6-4789-a012-3456789abcde;
F26;50;1;a1b2c3d4-e5f6-4789-a012-3456789abcde;
F27;50;1;a1b2c3d4-e5f6-4789-a012-3456789abcde;
F28;50;1;a1b2c3d4-e5f6-4789-a012-3456789abcde;
F29;50;1;a1b2c3d4-e5f6-4789-a012-3456789abcde;
F30;50;1;a1b2c3d4-e5f6-4789-a012-3456789abcde;
F31;50;1;a1b2c3d4-e5f6-4789-a012-3456789abcde;
F32;50;1;a1b2c3d4-e5f6-4789-a012-3456789abcde;
F33;50;1;a1b2c3d4-e5f6-4789-a012-3456789abcde;
F34;50;1;a1b2c3d4-e5f6-4789-a012-3456789abcde;
F35;50;1;a1b2c3d4-e5f6-4789-a012-3456789abcde;
F36;50;1;a1b2c3d4-e5f6-4789-a012-3456789abcde;
F37;50;1;a1b2c3d4-e5f6-4789-a012-3456789abcde;
F38;50;1;a1b2c3d4-e5f6-4789-a012-3456789abcde;
F39;50;1;a1b2c3d4-e5f6-4789-a012-3456789abcde;
F40;50;1;a1b2c3d4-e5f6-4789-a012-3456789abcde;
F41;50;1;a1b2c3d4-e5f6-4789-a012-3456789abcde;
F42;50;1;a1b2c3d4-e5f6-4789-a012-3456789abcde;
F43;50;1;a1b2c3d4-e5f6-4789-a012-3456789abcde;
F44;50;1;a1b2c3d4-e5f6-4789-a012-3456789abcde;
F45;50;1;a1b2c3d4-e5f6-4789-a012-3456789abcde;
F46;50;1;a1b2c3d4-e5f6-4789-a012-3456789abcde;
F47;50;1;a1b2c3d4-e5f6-4789-a012-3456789abcde;
F48;50;1;a1b2c3d4-e5f6-4789-a012-3456789abcde;
F49;50;1;a1b2c3d4-e5f6-4789-a012-3456789abcde;
F50;50;1;a1b2c3d4-e5f6-4789-a012-3456789abcde;
F51;50;1;a1b2c3d4-e5f6-4789-a012-3456789abcde;
F52;50;1;a1b2c3d4-e5f6-4789-a012-3456789abcde;
F53;50;1;a1b2c3d4-e5f6-4789-a012-3456789abcde;
F54;50;1;a1b2c3d4-e5f6-4789-a012-3456789abcde;
F55;50;1;a1b2c3d4-e5f6-4789-a012-3456789abcde;
F56;50;1;a1b2c3d4-e5f6-4789-a012-3456789abcde;
F57;50;1;a1b2c3d4-e5f6-4789-a012-3456789abcde;
G1;50;1;a1b2c3d4-e5f6-4789-a012-3456789abcde;
G2;50;1;a1b2c3d4-e5f6-4789-a012-3456789abcde;
G3;50;1;a1b2c3d4-e5f6-4789-a012-3456789abcde;
G4;50;1;a1b2c3d4-e5f6-4789-a012-3456789abcde;
G5;50;1;a1b2c3d4-e5f6-4789-a012-3456789abcde;
G6;50;1;a1b2c3d4-e5f6-4789-a012-3456789abcde;
G7;50;1;a1b2c3d4-e5f6-4789-a012-3456789abcde;
G8;50;1;a1b2c3d4-e5f6-4789-a012-3456789abcde;
G9;50;1;a1b2c3d4-e5f6-4789-a012-3456789abcde;
G10;50;1;a1b2c3d4-e5f6-4789-a012-3456789abcde;
G11;50;1;a1b2c3d4-e5f6-4789-a012-3456789abcde;
G12;50;1;a1b2c3d4-e5f6-4789-a012-3456789abcde;
G13;50;1;a1b2c3d4-e5f6-4789-a012-3456789abcde;
G14;50;1;a1b2c3d4-e5f6-4789-a012-3456789abcde;
G15;50;1;a1b2c3d4-e5f6-4789-a012-3456789abcde;
G16;50;1;a1b2c3d4-e5f6-4789-a012-3456789abcde;
G17;50;1;a1b2c3d4-e5f6-4789-a012-3456789abcde;
G18;50;1;a1b2c3d4-e5f6-4789-a012-3456789abcde;
G19;50;1;a1b2c3d4-e5f6-4789-a012-3456789abcde;
G20;50;1;a1b2c3d4-e5f6-4789-a012-3456789abcde;
G21;50;1;a1b2c3d4-e5f6-4789-a012-3456789abcde;
G22;50;1;a1b2c3d4-e5f6-4789-a012-3456789abcde;
G23;50;1;a1b2c3d4-e5f6-4789-a012-3456789abcde;
G24;50;1;a1b2c3d4-e5f6-4789-a012-3456789abcde;
G25;50;1;a1b2c3d4-e5f6-4789-a012-3456789abcde;
G26;50;1;a1b2c3d4-e5f6-4789-a012-3456789abcde;
G27;50;1;a1b2c3d4-e5f6-4789-a012-3456789abcde;
G28;50;1;a1b2c3d4-e5f6-4789-a012-3456789abcde;
G29;50;1;a1b2c3d4-e5f6-4789-a012-3456789abcde;
G30;50;1;a1b2c3d4-e5f6-4789-a012-3456789abcde;
G31;50;1;a1b2c3d4-e5f6-4789-a012-3456789abcde;
G32;50;1;a1b2c3d4-e5f6-4789-a012-3456789abcde;
G33;50;1;a1b2c3d4-e5f6-4789-a012-3456789abcde;
G34;50;1;a1b2c3d4-e5f6-4789-a012-3456789abcde;
G35;50;1;a1b2c3d4-e5f6-4789-a012-3456789abcde;
G36;50;1;a1b2c3d4-e5f6-4789-a012-3456789abcde;
G37;50;1;a1b2c3d4-e5f6-4789-a012-3456789abcde;
G38;50;1;a1b2c3d4-e5f6-4789-a012-3456789abcde;
G39;50;1;a1b2c3d4-e5f6-4789-a012-3456789abcde;
G40;50;1;a1b2c3d4-e5f6-4789-a012-3456789abcde;
G41;50;1;a1b2c3d4-e5f6-4789-a012-3456789abcde;
G42;50;1;a1b2c3d4-e5f6-4789-a012-3456789abcde;
G43;50;1;a1b2c3d4-e5f6-4789-a012-3456789abcde;
G44;50;1;a1b2c3d4-e5f6-4789-a012-3456789abcde;
G45;50;1;a1b2c3d4-e5f6-4789-a012-3456789abcde;
G46;50;1;a1b2c3d4-e5f6-4789-a012-3456789abcde;
G47;50;1;a1b2c3d4-e5f6-4789-a012-3456789abcde;
G48;50;1;a1b2c3d4-e5f6-4789-a012-3456789abcde;
G49;50;1;a1b2c3d4-e5f6-4789-a012-3456789abcde;
G50;50;1;a1b2c3d4-e5f6-4789-a012-3456789abcde;
G51;50;1;a1b2c3d4-e5f6-4789-a012-3456789abcde;
G52;50;1;a1b2c3d4-e5f6-4789-a012-3456789abcde;
H1;50;1;a1b2c3d4-e5f6-4789-a012-3456789abcde;
H2;50;1;a1b2c3d4-e5f6-4789-a012-3456789abcde;
H3;50;1;a1b2c3d4-e5f6-4789-a012-3456789abcde;
H4;50;1;a1b2c3d4-e5f6-4789-a012-3456789abcde;
H5;50;1;a1b2c3d4-e5f6-4789-a012-3456789abcde;
H6;50;1;a1b2c3d4-e5f6-4789-a012-3456789abcde;
H7;50;1;a1b2c3d4-e5f6-4789-a012-3456789abcde;
H8;50;1;a1b2c3d4-e5f6-4789-a012-3456789abcde;
H9;50;1;a1b2c3d4-e5f6-4789-a012-3456789abcde;
H10;50;1;a1b2c3d4-e5f6-4789-a012-3456789abcde;
H11;50;1;a1b2c3d4-e5f6-4789-a012-3456789abcde;
H12;50;1;a1b2c3d4-e5f6-4789-a012-3456789abcde;
H13;50;1;a1b2c3d4-e5f6-4789-a012-3456789abcde;
H14;50;1;a1b2c3d4-e5f6-4789-a012-3456789abcde;
H15;50;1;a1b2c3d4-e5f6-4789-a012-3456789abcde;
H16;50;1;a1b2c3d4-e5f6-4789-a012-3456789abcde;
H17;50;1;a1b2c3d4-e5f6-4789-a012-3456789abcde;
H18;50;1;a1b2c3d4-e5f6-4789-a012-3456789abcde;
H19;50;1;a1b2c3d4-e5f6-4789-a012-3456789abcde;
H20;50;1;a1b2c3d4-e5f6-4789-a012-3456789abcde;
H21;50;1;a1b2c3d4-e5f6-4789-a012-3456789abcde;
H22;50;1;a1b2c3d4-e5f6-4789-a012-3456789abcde;
H23;50;1;a1b2c3d4-e5f6-4789-a012-3456789abcde;
H24;50;1;a1b2c3d4-e5f6-4789-a012-3456789abcde;
H25;50;1;a1b2c3d4-e5f6-4789-a012-3456789abcde;
H26;50;1;a1b2c3d4-e5f6-4789-a012-3456789abcde;
H27;50;1;a1b2c3d4-e5f6-4789-a012-3456789abcde;
H28;50;1;a1b2c3d4-e5f6-4789-a012-3456789abcde;
H29;50;1;a1b2c3d4-e5f6-4789-a012-3456789abcde;
H30;50;1;a1b2c3d4-e5f6-4789-a012-3456789abcde;
H31;50;1;a1b2c3d4-e5f6-4789-a012-3456789abcde;
H32;50;1;a1b2c3d4-e5f6-4789-a012-3456789abcde;
H33;50;1;a1b2c3d4-e5f6-4789-a012-3456789abcde;
H34;50;1;a1b2c3d4-e5f6-4789-a012-3456789abcde;
H35;50;1;a1b2c3d4-e5f6-4789-a012-3456789abcde;
H36;50;1;a1b2c3d4-e5f6-4789-a012-3456789abcde;
H37;50;1;a1b2c3d4-e5f6-4789-a012-3456789abcde;
H38;50;1;a1b2c3d4-e5f6-4789-a012-3456789abcde;
H39;50;1;a1b2c3d4-e5f6-4789-a012-3456789abcde;
I1;50;1;a1b2c3d4-e5f6-4789-a012-3456789abcde;
I2;50;1;a1b2c3d4-e5f6-4789-a012-3456789abcde;
I3;50;1;a1b2c3d4-e5f6-4789-a012-3456789abcde;
I4;50;1;a1b2c3d4-e5f6-4789-a012-3456789abcde;
I5;50;1;a1b2c3d4-e5f6-4789-a012-3456789abcde;
I6;50;1;a1b2c3d4-e5f6-4789-a012-3456789abcde;
I7;50;1;a1b2c3d4-e5f6-4789-a012-3456789abcde;
I8;50;1;a1b2c3d4-e5f6-4789-a012-3456789abcde;
I9;50;1;a1b2c3d4-e5f6-4789-a012-3456789abcde;
I10;50;1;a1b2c3d4-e5f6-4789-a012-3456789abcde;
I11;50;1;a1b2c3d4-e5f6-4789-a012-3456789abcde;
I12;50;1;a1b2c3d4-e5f6-4789-a012-3456789abcde;
I13;50;1;a1b2c3d4-e5f6-4789-a012-3456789abcde;
I14;50;1;a1b2c3d4-e5f6-4789-a012-3456789abcde;
I15;50;1;a1b2c3d4-e5f6-4789-a012-3456789abcde;
I16;50;1;a1b2c3d4-e5f6-4789-a012-3456789abcde;
I17;50;1;a1b2c3d4-e5f6-4789-a012-3456789abcde;
I18;50;1;a1b2c3d4-e5f6-4789-a012-3456789abcde;
I19;50;1;a1b2c3d4-e5f6-4789-a012-3456789abcde;
I20;50;1;a1b2c3d4-e5f6-4789-a012-3456789abcde;
I21;50;1;a1b2c3d4-e5f6-4789-a012-3456789abcde;
I22;50;1;a1b2c3d4-e5f6-4789-a012-3456789abcde;
I23;50;1;a1b2c3d4-e5f6-4789-a012-3456789abcde;
I24;50;1;a1b2c3d4-e5f6-4789-a012-3456789abcde;
I25;50;1;a1b2c3d4-e5f6-4789-a012-3456789abcde;
I26;50;1;a1b2c3d4-e5f6-4789-a012-3456789abcde;
I27;50;1;a1b2c3d4-e5f6-4789-a012-3456789abcde;
I28;50;1;a1b2c3d4-e5f6-4789-a012-3456789abcde;
I29;50;1;a1b2c3d4-e5f6-4789-a012-3456789abcde;
J1;50;1;a1b2c3d4-e5f6-4789-a012-3456789abcde;
J2;50;1;a1b2c3d4-e5f6-4789-a012-3456789abcde;
J3;50;1;a1b2c3d4-e5f6-4789-a012-3456789abcde;
J4;50;1;a1b2c3d4-e5f6-4789-a012-3456789abcde;
J5;50;1;a1b2c3d4-e5f6-4789-a012-3456789abcde;
J6;50;1;a1b2c3d4-e5f6-4789-a012-3456789abcde;
J7;50;1;a1b2c3d4-e5f6-4789-a012-3456789abcde;
J8;50;1;a1b2c3d4-e5f6-4789-a012-3456789abcde;
J9;50;1;a1b2c3d4-e5f6-4789-a012-3456789abcde;
J10;50;1;a1b2c3d4-e5f6-4789-a012-3456789abcde;
J11;50;1;a1b2c3d4-e5f6-4789-a012-3456789abcde;
J12;50;1;a1b2c3d4-e5f6-4789-a012-3456789abcde;
J13;50;1;a1b2c3d4-e5f6-4789-a012-3456789abcde;
J14;50;1;a1b2c3d4-e5f6-4789-a012-3456789abcde;
J15;50;1;a1b2c3d4-e5f6-4789-a012-3456789abcde;
J16;50;1;a1b2c3d4-e5f6-4789-a012-3456789abcde;
J17;50;1;a1b2c3d4-e5f6-4789-a012-3456789abcde;
J18;50;1;a1b2c3d4-e5f6-4789-a012-3456789abcde;
J19;50;1;a1b2c3d4-e5f6-4789-a012-3456789abcde;
J20;50;1;a1b2c3d4-e5f6-4789-a012-3456789abcde;
J21;50;1;a1b2c3d4-e5f6-4789-a012-3456789abcde;
J22;50;1;a1b2c3d4-e5f6-4789-a012-3456789abcde;
J23;50;1;a1b2c3d4-e5f6-4789-a012-3456789abcde;
J24;50;1;a1b2c3d4-e5f6-4789-a012-3456789abcde;
J25;50;1;a1b2c3d4-e5f6-4789-a012-3456789abcde;
J26;50;1;a1b2c3d4-e5f6-4789-a012-3456789abcde;
J27;50;1;a1b2c3d4-e5f6-4789-a012-3456789abcde;
J28;50;1;a1b2c3d4-e5f6-4789-a012-3456789abcde;
J29;50;1;a1b2c3d4-e5f6-4789-a012-3456789abcde;
J30;50;1;a1b2c3d4-e5f6-4789-a012-3456789abcde;
J31;50;1;a1b2c3d4-e5f6-4789-a012-3456789abcde;
J32;50;1;a1b2c3d4-e5f6-4789-a012-3456789abcde;
J33;50;1;a1b2c3d4-e5f6-4789-a012-3456789abcde;
J34;50;1;a1b2c3d4-e5f6-4789-a012-3456789abcde;
J35;50;1;a1b2c3d4-e5f6-4789-a012-3456789abcde;
J36;50;1;a1b2c3d4-e5f6-4789-a012-3456789abcde;
J37;50;1;a1b2c3d4-e5f6-4789-a012-3456789abcde;
J38;50;1;a1b2c3d4-e5f6-4789-a012-3456789abcde;
K1;50;1;a1b2c3d4-e5f6-4789-a012-3456789abcde;
K2;50;1;a1b2c3d4-e5f6-4789-a012-3456789abcde;
K3;50;1;a1b2c3d4-e5f6-4789-a012-3456789abcde;
K4;50;1;a1b2c3d4-e5f6-4789-a012-3456789abcde;
K5;50;1;a1b2c3d4-e5f6-4789-a012-3456789abcde;
K6;50;1;a1b2c3d4-e5f6-4789-a012-3456789abcde;
K7;50;1;a1b2c3d4-e5f6-4789-a012-3456789abcde;
K8;50;1;a1b2c3d4-e5f6-4789-a012-3456789abcde;
K9;50;1;a1b2c3d4-e5f6-4789-a012-3456789abcde;
K10;50;1;a1b2c3d4-e5f6-4789-a012-3456789abcde;
K11;50;1;a1b2c3d4-e5f6-4789-a012-3456789abcde;
K12;50;1;a1b2c3d4-e5f6-4789-a012-3456789abcde;
K13;50;1;a1b2c3d4-e5f6-4789-a012-3456789abcde;
K14;50;1;a1b2c3d4-e5f6-4789-a012-3456789abcde;
K15;50;1;a1b2c3d4-e5f6-4789-a012-3456789abcde;
K16;50;1;a1b2c3d4-e5f6-4789-a012-3456789abcde;
K17;50;1;a1b2c3d4-e5f6-4789-a012-3456789abcde;
K18;50;1;a1b2c3d4-e5f6-4789-a012-3456789abcde;
K19;50;1;a1b2c3d4-e5f6-4789-a012-3456789abcde;
K20;50;1;a1b2c3d4-e5f6-4789-a012-3456789abcde;
K21;50;1;a1b2c3d4-e5f6-4789-a012-3456789abcde;
K22;50;1;a1b2c3d4-e5f6-4789-a012-3456789abcde;
K23;50;1;a1b2c3d4-e5f6-4789-a012-3456789abcde;
K24;50;1;a1b2c3d4-e5f6-4789-a012-3456789abcde;
K25;50;1;a1b2c3d4-e5f6-4789-a012-3456789abcde;
K26;50;1;a1b2c3d4-e5f6-4789-a012-3456789abcde;
K27;50;1;a1b2c3d4-e5f6-4789-a012-3456789abcde;
K28;50;1;a1b2c3d4-e5f6-4789-a012-3456789abcde;
K29;50;1;a1b2c3d4-e5f6-4789-a012-3456789abcde;
K30;50;1;a1b2c3d4-e5f6-4789-a012-3456789abcde;
K31;50;1;a1b2c3d4-e5f6-4789-a012-3456789abcde;
K32;50;1;a1b2c3d4-e5f6-4789-a012-3456789abcde;
K33;50;1;a1b2c3d4-e5f6-4789-a012-3456789abcde;
K34;50;1;a1b2c3d4-e5f6-4789-a012-3456789abcde;
K35;50;1;a1b2c3d4-e5f6-4789-a012-3456789abcde;
K36;50;1;a1b2c3d4-e5f6-4789-a012-3456789abcde;
K37;50;1;a1b2c3d4-e5f6-4789-a012-3456789abcde;
L1;50;1;a1b2c3d4-e5f6-4789-a012-3456789abcde;
L2;50;1;a1b2c3d4-e5f6-4789-a012-3456789abcde;
L3;50;1;a1b2c3d4-e5f6-4789-a012-3456789abcde;
L4;50;1;a1b2c3d4-e5f6-4789-a012-3456789abcde;
L5;50;1;a1b2c3d4-e5f6-4789-a012-3456789abcde;
L6;50;1;a1b2c3d4-e5f6-4789-a012-3456789abcde;
L7;50;1;a1b2c3d4-e5f6-4789-a012-3456789abcde;
L8;50;1;a1b2c3d4-e5f6-4789-a012-3456789abcde;
L9;50;1;a1b2c3d4-e5f6-4789-a012-3456789abcde;
L10;50;1;a1b2c3d4-e5f6-4789-a012-3456789abcde;
L11;50;1;a1b2c3d4-e5f6-4789-a012-3456789abcde;
L12;50;1;a1b2c3d4-e5f6-4789-a012-3456789abcde;
L13;50;1;a1b2c3d4-e5f6-4789-a012-3456789abcde;
L14;50;1;a1b2c3d4-e5f6-4789-a012-3456789abcde;
L15;50;1;a1b2c3d4-e5f6-4789-a012-3456789abcde;
L16;50;1;a1b2c3d4-e5f6-4789-a012-3456789abcde;
L17;50;1;a1b2c3d4-e5f6-4789-a012-3456789abcde;
L18;50;1;a1b2c3d4-e5f6-4789-a012-3456789abcde;
L19;50;1;a1b2c3d4-e5f6-4789-a012-3456789abcde;
L20;50;1;a1b2c3d4-e5f6-4789-a012-3456789abcde;
L21;50;1;a1b2c3d4-e5f6-4789-a012-3456789abcde;
L22;50;1;a1b2c3d4-e5f6-4789-a012-3456789abcde;
L23;50;1;a1b2c3d4-e5f6-4789-a012-3456789abcde;
L24;50;1;a1b2c3d4-e5f6-4789-a012-3456789abcde;
L25;50;1;a1b2c3d4-e5f6-4789-a012-3456789abcde;
L26;50;1;a1b2c3d4-e5f6-4789-a012-3456789abcde;
L27;50;1;a1b2c3d4-e5f6-4789-a012-3456789abcde;
L28;50;1;a1b2c3d4-e5f6-4789-a012-3456789abcde;
L29;50;1;a1b2c3d4-e5f6-4789-a012-3456789abcde;
L30;50;1;a1b2c3d4-e5f6-4789-a012-3456789abcde;
L31;50;1;a1b2c3d4-e5f6-4789-a012-3456789abcde;
L32;50;1;a1b2c3d4-e5f6-4789-a012-3456789abcde;
L33;50;1;a1b2c3d4-e5f6-4789-a012-3456789abcde;
L34;50;1;a1b2c3d4-e5f6-4789-a012-3456789abcde;
L35;50;1;a1b2c3d4-e5f6-4789-a012-3456789abcde;
L36;50;1;a1b2c3d4-e5f6-4789-a012-3456789abcde;
L37;50;1;a1b2c3d4-e5f6-4789-a012-3456789abcde;
L38;50;1;a1b2c3d4-e5f6-4789-a012-3456789abcde;
L39;50;1;a1b2c3d4-e5f6-4789-a012-3456789abcde;
L40;50;1;a1b2c3d4-e5f6-4789-a012-3456789abcde;
L41;50;1;a1b2c3d4-e5f6-4789-a012-3456789abcde;
L42;50;1;a1b2c3d4-e5f6-4789-a012-3456789abcde;
L43;50;1;a1b2c3d4-e5f6-4789-a012-3456789abcde;
L44;50;1;a1b2c3d4-e5f6-4789-a012-3456789abcde;
L45;50;1;a1b2c3d4-e5f6-4789-a012-3456789abcde;
M1;50;1;a1b2c3d4-e5f6-4789-a012-3456789abcde;
M2;50;1;a1b2c3d4-e5f6-4789-a012-3456789abcde;
M3;50;1;a1b2c3d4-e5f6-4789-a012-3456789abcde;
M4;50;1;a1b2c3d4-e5f6-4789-a012-3456789abcde;
M5;50;1;a1b2c3d4-e5f6-4789-a012-3456789abcde;
M6;50;1;a1b2c3d4-e5f6-4789-a012-3456789abcde;
M7;50;1;a1b2c3d4-e5f6-4789-a012-3456789abcde;
M8;50;1;a1b2c3d4-e5f6-4789-a012-3456789abcde;
M9;50;1;a1b2c3d4-e5f6-4789-a012-3456789abcde;
M10;50;1;a1b2c3d4-e5f6-4789-a012-3456789abcde;
M11;50;1;a1b2c3d4-e5f6-4789-a012-3456789abcde;
M12;50;1;a1b2c3d4-e5f6-4789-a012-3456789abcde;
M13;50;1;a1b2c3d4-e5f6-4789-a012-3456789abcde;
M14;50;1;a1b2c3d4-e5f6-4789-a012-3456789abcde;
M15;50;1;a1b2c3d4-e5f6-4789-a012-3456789abcde;
M16;50;1;a1b2c3d4-e5f6-4789-a012-3456789abcde;
M17;50;1;a1b2c3d4-e5f6-4789-a012-3456789abcde;
M18;50;1;a1b2c3d4-e5f6-4789-a012-3456789abcde;
M19;50;1;a1b2c3d4-e5f6-4789-a012-3456789abcde;
M20;50;1;a1b2c3d4-e5f6-4789-a012-3456789abcde;
M21;50;1;a1b2c3d4-e5f6-4789-a012-3456789abcde;
M22;50;1;a1b2c3d4-e5f6-4789-a012-3456789abcde;
M23;50;1;a1b2c3d4-e5f6-4789-a012-3456789abcde;
M24;50;1;a1b2c3d4-e5f6-4789-a012-3456789abcde;
M25;50;1;a1b2c3d4-e5f6-4789-a012-3456789abcde;
M26;50;1;a1b2c3d4-e5f6-4789-a012-3456789abcde;
M27;50;1;a1b2c3d4-e5f6-4789-a012-3456789abcde;
M28;50;1;a1b2c3d4-e5f6-4789-a012-3456789abcde;
M29;50;1;a1b2c3d4-e5f6-4789-a012-3456789abcde;
M30;50;1;a1b2c3d4-e5f6-4789-a012-3456789abcde;
M31;50;1;a1b2c3d4-e5f6-4789-a012-3456789abcde;
M32;50;1;a1b2c3d4-e5f6-4789-a012-3456789abcde;
M33;50;1;a1b2c3d4-e5f6-4789-a012-3456789abcde;
M34;50;1;a1b2c3d4-e5f6-4789-a012-3456789abcde;
M35;50;1;a1b2c3d4-e5f6-4789-a012-3456789abcde;
M36;50;1;a1b2c3d4-e5f6-4789-a012-3456789abcde;
M37;50;1;a1b2c3d4-e5f6-4789-a012-3456789abcde;
M38;50;1;a1b2c3d4-e5f6-4789-a012-3456789abcde;
M39;50;1;a1b2c3d4-e5f6-4789-a012-3456789abcde;
M40;50;1;a1b2c3d4-e5f6-4789-a012-3456789abcde;
M41;50;1;a1b2c3d4-e5f6-4789-a012-3456789abcde;
M42;50;1;a1b2c3d4-e5f6-4789-a012-3456789abcde;
M43;50;1;a1b2c3d4-e5f6-4789-a012-3456789abcde;
M44;50;1;a1b2c3d4-e5f6-4789-a012-3456789abcde;
M45;50;1;a1b2c3d4-e5f6-4789-a012-3456789abcde;
M46;50;1;a1b2c3d4-e5f6-4789-a012-3456789abcde;
M47;50;1;a1b2c3d4-e5f6-4789-a012-3456789abcde;
M48;50;1;a1b2c3d4-e5f6-4789-a012-3456789abcde;
M49;50;1;a1b2c3d4-e5f6-4789-a012-3456789abcde;
M50;50;1;a1b2c3d4-e5f6-4789-a012-3456789abcde;
M51;50;1;a1b2c3d4-e5f6-4789-a012-3456789abcde;
N1;50;1;a1b2c3d4-e5f6-4789-a012-3456789abcde;
N2;50;1;a1b2c3d4-e5f6-4789-a012-3456789abcde;
N3;50;1;a1b2c3d4-e5f6-4789-a012-3456789abcde;
N4;50;1;a1b2c3d4-e5f6-4789-a012-3456789abcde;
N5;50;1;a1b2c3d4-e5f6-4789-a012-3456789abcde;
N6;50;1;a1b2c3d4-e5f6-4789-a012-3456789abcde;
N7;50;1;a1b2c3d4-e5f6-4789-a012-3456789abcde;
N8;50;1;a1b2c3d4-e5f6-4789-a012-3456789abcde;
N9;50;1;a1b2c3d4-e5f6-4789-a012-3456789abcde;
N10;50;1;a1b2c3d4-e5f6-4789-a012-3456789abcde;
N11;50;1;a1b2c3d4-e5f6-4789-a012-3456789abcde;
N12;50;1;a1b2c3d4-e5f6-4789-a012-3456789abcde;
N13;50;1;a1b2c3d4-e5f6-4789-a012-3456789abcde;
N14;50;1;a1b2c3d4-e5f6-4789-a012-3456789abcde;
N15;50;1;a1b2c3d4-e5f6-4789-a012-3456789abcde;
N16;50;1;a1b2c3d4-e5f6-4789-a012-3456789abcde;
N17;50;1;a1b2c3d4-e5f6-4789-a012-3456789abcde;
N18;50;1;a1b2c3d4-e5f6-4789-a012-3456789abcde;
N19;50;1;a1b2c3d4-e5f6-4789-a012-3456789abcde;
N20;50;1;a1b2c3d4-e5f6-4789-a012-3456789abcde;
N21;50;1;a1b2c3d4-e5f6-4789-a012-3456789abcde;
N22;50;1;a1b2c3d4-e5f6-4789-a012-3456789abcde;
N23;50;1;a1b2c3d4-e5f6-4789-a012-3456789abcde;
N24;50;1;a1b2c3d4-e5f6-4789-a012-3456789abcde;
N25;50;1;a1b2c3d4-e5f6-4789-a012-3456789abcde;
N26;50;1;a1b2c3d4-e5f6-4789-a012-3456789abcde;
N27;50;1;a1b2c3d4-e5f6-4789-a012-3456789abcde;
N28;50;1;a1b2c3d4-e5f6-4789-a012-3456789abcde;
N29;50;1;a1b2c3d4-e5f6-4789-a012-3456789abcde;
N30;50;1;a1b2c3d4-e5f6-4789-a012-3456789abcde;
N31;50;1;a1b2c3d4-e5f6-4789-a012-3456789abcde;
N32;50;1;a1b2c3d4-e5f6-4789-a012-3456789abcde;
N33;50;1;a1b2c3d4-e5f6-4789-a012-3456789abcde;
N34;50;1;a1b2c3d4-e5f6-4789-a012-3456789abcde;
N35;50;1;a1b2c3d4-e5f6-4789-a012-3456789abcde;
N36;50;1;a1b2c3d4-e5f6-4789-a012-3456789abcde;
N37;50;1;a1b2c3d4-e5f6-4789-a012-3456789abcde;
N38;50;1;a1b2c3d4-e5f6-4789-a012-3456789abcde;
N39;50;1;a1b2c3d4-e5f6-4789-a012-3456789abcde;
N40;50;1;a1b2c3d4-e5f6-4789-a012-3456789abcde;
N41;50;1;a1b2c3d4-e5f6-4789-a012-3456789abcde;
N42;50;1;a1b2c3d4-e5f6-4789-a012-3456789abcde;
N43;50;1;a1b2c3d4-e5f6-4789-a012-3456789abcde;
N44;50;1;a1b2c3d4-e5f6-4789-a012-3456789abcde;
N45;50;1;a1b2c3d4-e5f6-4789-a012-3456789abcde;
N46;50;1;a1b2c3d4-e5f6-4789-a012-3456789abcde;
N47;50;1;a1b2c3d4-e5f6-4789-a012-3456789abcde;
N48;50;1;a1b2c3d4-e5f6-4789-a012-3456789abcde;
N49;50;1;a1b2c3d4-e5f6-4789-a012-3456789abcde;
O1;50;1;a1b2c3d4-e5f6-4789-a012-3456789abcde;
O2;50;1;a1b2c3d4-e5f6-4789-a012-3456789abcde;
O3;50;1;a1b2c3d4-e5f6-4789-a012-3456789abcde;
O4;50;1;a1b2c3d4-e5f6-4789-a012-3456789abcde;
O5;50;1;a1b2c3d4-e5f6-4789-a012-3456789abcde;
O6;50;1;a1b2c3d4-e5f6-4789-a012-3456789abcde;
O7;50;1;a1b2c3d4-e5f6-4789-a012-3456789abcde;
O8;50;1;a1b2c3d4-e5f6-4789-a012-3456789abcde;
O9;50;1;a1b2c3d4-e5f6-4789-a012-3456789abcde;
O10;50;1;a1b2c3d4-e5f6-4789-a012-3456789abcde;
O11;50;1;a1b2c3d4-e5f6-4789-a012-3456789abcde;
O12;50;1;a1b2c3d4-e5f6-4789-a012-3456789abcde;
O13;50;1;a1b2c3d4-e5f6-4789-a012-3456789abcde;
O14;50;1;a1b2c3d4-e5f6-4789-a012-3456789abcde;
O15;50;1;a1b2c3d4-e5f6-4789-a012-3456789abcde;
O16;50;1;a1b2c3d4-e5f6-4789-a012-3456789abcde;
O17;50;1;a1b2c3d4-e5f6-4789-a012-3456789abcde;
O18;50;1;a1b2c3d4-e5f6-4789-a012-3456789abcde;
O19;50;1;a1b2c3d4-e5f6-4789-a012-3456789abcde;
O20;50;1;a1b2c3d4-e5f6-4789-a012-3456789abcde;
O21;50;1;a1b2c3d4-e5f6-4789-a012-3456789abcde;
O22;50;1;a1b2c3d4-e5f6-4789-a012-3456789abcde;
O23;50;1;a1b2c3d4-e5f6-4789-a012-3456789abcde;
O24;50;1;a1b2c3d4-e5f6-4789-a012-3456789abcde;
O25;50;1;a1b2c3d4-e5f6-4789-a012-3456789abcde;
O26;50;1;a1b2c3d4-e5f6-4789-a012-3456789abcde;
O27;50;1;a1b2c3d4-e5f6-4789-a012-3456789abcde;
O28;50;1;a1b2c3d4-e5f6-4789-a012-3456789abcde;
O29;50;1;a1b2c3d4-e5f6-4789-a012-3456789abcde;
O30;50;1;a1b2c3d4-e5f6-4789-a012-3456789abcde;
O31;50;1;a1b2c3d4-e5f6-4789-a012-3456789abcde;
O32;50;1;a1b2c3d4-e5f6-4789-a012-3456789abcde;
O33;50;1;a1b2c3d4-e5f6-4789-a012-3456789abcde;
O34;50;1;a1b2c3d4-e5f6-4789-a012-3456789abcde;
O35;50;1;a1b2c3d4-e5f6-4789-a012-3456789abcde;
O36;50;1;a1b2c3d4-e5f6-4789-a012-3456789abcde;
O37;50;1;a1b2c3d4-e5f6-4789-a012-3456789abcde;
O38;50;1;a1b2c3d4-e5f6-4789-a012-3456789abcde;
O39;50;1;a1b2c3d4-e5f6-4789-a012-3456789abcde;
O40;50;1;a1b2c3d4-e5f6-4789-a012-3456789abcde;
O41;50;1;a1b2c3d4-e5f6-4789-a012-3456789abcde;
O42;50;1;a1b2c3d4-e5f6-4789-a012-3456789abcde;
O43;50;1;a1b2c3d4-e5f6-4789-a012-3456789abcde;
O44;50;1;a1b2c3d4-e5f6-4789-a012-3456789abcde;
O45;50;1;a1b2c3d4-e5f6-4789-a012-3456789abcde;
O46;50;1;a1b2c3d4-e5f6-4789-a012-3456789abcde;
O47;50;1;a1b2c3d4-e5f6-4789-a012-3456789abcde;
O48;50;1;a1b2c3d4-e5f6-4789-a012-3456789abcde;
O49;50;1;a1b2c3d4-e5f6-4789-a012-3456789abcde;
O50;50;1;a1b2c3d4-e5f6-4789-a012-3456789abcde;
P1;50;1;a1b2c3d4-e5f6-4789-a012-3456789abcde;
P2;50;1;a1b2c3d4-e5f6-4789-a012-3456789abcde;
P3;50;1;a1b2c3d4-e5f6-4789-a012-3456789abcde;
P4;50;1;a1b2c3d4-e5f6-4789-a012-3456789abcde;
P5;50;1;a1b2c3d4-e5f6-4789-a012-3456789abcde;
P6;50;1;a1b2c3d4-e5f6-4789-a012-3456789abcde;
P7;50;1;a1b2c3d4-e5f6-4789-a012-3456789abcde;
P8;50;1;a1b2c3d4-e5f6-4789-a012-3456789abcde;
P9;50;1;a1b2c3d4-e5f6-4789-a012-3456789abcde;
P10;50;1;a1b2c3d4-e5f6-4789-a012-3456789abcde;
P11;50;1;a1b2c3d4-e5f6-4789-a012-3456789abcde;
P12;50;1;a1b2c3d4-e5f6-4789-a012-3456789abcde;
P13;50;1;a1b2c3d4-e5f6-4789-a012-3456789abcde;
P14;50;1;a1b2c3d4-e5f6-4789-a012-3456789abcde;
P15;50;1;a1b2c3d4-e5f6-4789-a012-3456789abcde;
P16;50;1;a1b2c3d4-e5f6-4789-a012-3456789abcde;
P17;50;1;a1b2c3d4-e5f6-4789-a012-3456789abcde;
P18;50;1;a1b2c3d4-e5f6-4789-a012-3456789abcde;
P19;50;1;a1b2c3d4-e5f6-4789-a012-3456789abcde;
P20;50;1;a1b2c3d4-e5f6-4789-a012-3456789abcde;
P21;50;1;a1b2c3d4-e5f6-4789-a012-3456789abcde;
P22;50;1;a1b2c3d4-e5f6-4789-a012-3456789abcde;
P23;50;1;a1b2c3d4-e5f6-4789-a012-3456789abcde;
P24;50;1;a1b2c3d4-e5f6-4789-a012-3456789abcde;
P25;50;1;a1b2c3d4-e5f6-4789-a012-3456789abcde;
P26;50;1;a1b2c3d4-e5f6-4789-a012-3456789abcde;
P27;50;1;a1b2c3d4-e5f6-4789-a012-3456789abcde;
P28;50;1;a1b2c3d4-e5f6-4789-a012-3456789abcde;
P29;50;1;a1b2c3d4-e5f6-4789-a012-3456789abcde;
P30;50;1;a1b2c3d4-e5f6-4789-a012-3456789abcde;
P31;50;1;a1b2c3d4-e5f6-4789-a012-3456789abcde;
P32;50;1;a1b2c3d4-e5f6-4789-a012-3456789abcde;
P33;50;1;a1b2c3d4-e5f6-4789-a012-3456789abcde;
P34;50;1;a1b2c3d4-e5f6-4789-a012-3456789abcde;
P35;50;1;a1b2c3d4-e5f6-4789-a012-3456789abcde;
P36;50;1;a1b2c3d4-e5f6-4789-a012-3456789abcde;
P37;50;1;a1b2c3d4-e5f6-4789-a012-3456789abcde;
P38;50;1;a1b2c3d4-e5f6-4789-a012-3456789abcde;
P39;50;1;a1b2c3d4-e5f6-4789-a012-3456789abcde;
P40;50;1;a1b2c3d4-e5f6-4789-a012-3456789abcde;
P41;50;1;a1b2c3d4-e5f6-4789-a012-3456789abcde;
P42;50;1;a1b2c3d4-e5f6-4789-a012-3456789abcde;
P43;50;1;a1b2c3d4-e5f6-4789-a012-3456789abcde;
P44;50;1;a1b2c3d4-e5f6-4789-a012-3456789abcde;
P45;50;1;a1b2c3d4-e5f6-4789-a012-3456789abcde;
P46;50;1;a1b2c3d4-e5f6-4789-a012-3456789abcde;
Q1;50;1;a1b2c3d4-e5f6-4789-a012-3456789abcde;
Q2;50;1;a1b2c3d4-e5f6-4789-a012-3456789abcde;
Q3;50;1;a1b2c3d4-e5f6-4789-a012-3456789abcde;
Q4;50;1;a1b2c3d4-e5f6-4789-a012-3456789abcde;
Q5;50;1;a1b2c3d4-e5f6-4789-a012-3456789abcde;
Q6;50;1;a1b2c3d4-e5f6-4789-a012-3456789abcde;
Q7;50;1;a1b2c3d4-e5f6-4789-a012-3456789abcde;
Q8;50;1;a1b2c3d4-e5f6-4789-a012-3456789abcde;
Q9;50;1;a1b2c3d4-e5f6-4789-a012-3456789abcde;
Q10;50;1;a1b2c3d4-e5f6-4789-a012-3456789abcde;
Q11;50;1;a1b2c3d4-e5f6-4789-a012-3456789abcde;
Q12;50;1;a1b2c3d4-e5f6-4789-a012-3456789abcde;
Q13;50;1;a1b2c3d4-e5f6-4789-a012-3456789abcde;
Q14;50;1;a1b2c3d4-e5f6-4789-a012-3456789abcde;
Q15;50;1;a1b2c3d4-e5f6-4789-a012-3456789abcde;
Q16;50;1;a1b2c3d4-e5f6-4789-a012-3456789abcde;
Q17;50;1;a1b2c3d4-e5f6-4789-a012-3456789abcde;
Q18;50;1;a1b2c3d4-e5f6-4789-a012-3456789abcde;
Q19;50;1;a1b2c3d4-e5f6-4789-a012-3456789abcde;
Q20;50;1;a1b2c3d4-e5f6-4789-a012-3456789abcde;
Q21;50;1;a1b2c3d4-e5f6-4789-a012-3456789abcde;
Q22;50;1;a1b2c3d4-e5f6-4789-a012-3456789abcde;
Q23;50;1;a1b2c3d4-e5f6-4789-a012-3456789abcde;
Q24;50;1;a1b2c3d4-e5f6-4789-a012-3456789abcde;
Q25;50;1;a1b2c3d4-e5f6-4789-a012-3456789abcde;
Q26;50;1;a1b2c3d4-e5f6-4789-a012-3456789abcde;
Q27;50;1;a1b2c3d4-e5f6-4789-a012-3456789abcde;
Q28;50;1;a1b2c3d4-e5f6-4789-a012-3456789abcde;
Q29;50;1;a1b2c3d4-e5f6-4789-a012-3456789abcde;
Q30;50;1;a1b2c3d4-e5f6-4789-a012-3456789abcde;
Q31;50;1;a1b2c3d4-e5f6-4789-a012-3456789abcde;
Q32;50;1;a1b2c3d4-e5f6-4789-a012-3456789abcde;
Q33;50;1;a1b2c3d4-e5f6-4789-a012-3456789abcde;
Q34;50;1;a1b2c3d4-e5f6-4789-a012-3456789abcde;
Q35;50;1;a1b2c3d4-e5f6-4789-a012-3456789abcde;
Q36;50;1;a1b2c3d4-e5f6-4789-a012-3456789abcde;
Q37;50;1;a1b2c3d4-e5f6-4789-a012-3456789abcde;
Q38;50;1;a1b2c3d4-e5f6-4789-a012-3456789abcde;
Q39;50;1;a1b2c3d4-e5f6-4789-a012-3456789abcde;
Q40;50;1;a1b2c3d4-e5f6-4789-a012-3456789abcde;
Q41;50;1;a1b2c3d4-e5f6-4789-a012-3456789abcde;
R1;50;1;a1b2c3d4-e5f6-4789-a012-3456789abcde;
R2;50;1;a1b2c3d4-e5f6-4789-a012-3456789abcde;
R3;50;1;a1b2c3d4-e5f6-4789-a012-3456789abcde;
R4;50;1;a1b2c3d4-e5f6-4789-a012-3456789abcde;
R5;50;1;a1b2c3d4-e5f6-4789-a012-3456789abcde;
R6;50;1;a1b2c3d4-e5f6-4789-a012-3456789abcde;
R7;50;1;a1b2c3d4-e5f6-4789-a012-3456789abcde;
R8;50;1;a1b2c3d4-e5f6-4789-a012-3456789abcde;
R9;50;1;a1b2c3d4-e5f6-4789-a012-3456789abcde;
R10;50;1;a1b2c3d4-e5f6-4789-a012-3456789abcde;
R11;50;1;a1b2c3d4-e5f6-4789-a012-3456789abcde;
R12;50;1;a1b2c3d4-e5f6-4789-a012-3456789abcde;
R13;50;1;a1b2c3d4-e5f6-4789-a012-3456789abcde;
R14;50;1;a1b2c3d4-e5f6-4789-a012-3456789abcde;
R15;50;1;a1b2c3d4-e5f6-4789-a012-3456789abcde;
R16;50;1;a1b2c3d4-e5f6-4789-a012-3456789abcde;
R17;50;1;a1b2c3d4-e5f6-4789-a012-3456789abcde;
R18;50;1;a1b2c3d4-e5f6-4789-a012-3456789abcde;
R19;50;1;a1b2c3d4-e5f6-4789-a012-3456789abcde;
R20;50;1;a1b2c3d4-e5f6-4789-a012-3456789abcde;
R21;50;1;a1b2c3d4-e5f6-4789-a012-3456789abcde;
R22;50;1;a1b2c3d4-e5f6-4789-a012-3456789abcde;
R23;50;1;a1b2c3d4-e5f6-4789-a012-3456789abcde;
R24;50;1;a1b2c3d4-e5f6-4789-a012-3456789abcde;
R25;50;1;a1b2c3d4-e5f6-4789-a012-3456789abcde;
R26;50;1;a1b2c3d4-e5f6-4789-a012-3456789abcde;
R27;50;1;a1b2c3d4-e5f6-4789-a012-3456789abcde;
R28;50;1;a1b2c3d4-e5f6-4789-a012-3456789abcde;
R29;50;1;a1b2c3d4-e5f6-4789-a012-3456789abcde;
R30;50;1;a1b2c3d4-e5f6-4789-a012-3456789abcde;
R31;50;1;a1b2c3d4-e5f6-4789-a012-3456789abcde;
R32;50;1;a1b2c3d4-e5f6-4789-a012-3456789abcde;
R33;50;1;a1b2c3d4-e5f6-4789-a012-3456789abcde;
R34;50;1;a1b2c3d4-e5f6-4789-a012-3456789abcde;
R35;50;1;a1b2c3d4-e5f6-4789-a012-3456789abcde;
S1;50;1;a1b2c3d4-e5f6-4789-a012-3456789abcde;
S2;50;1;a1b2c3d4-e5f6-4789-a012-3456789abcde;
S3;50;1;a1b2c3d4-e5f6-4789-a012-3456789abcde;
S4;50;1;a1b2c3d4-e5f6-4789-a012-3456789abcde;
S5;50;1;a1b2c3d4-e5f6-4789-a012-3456789abcde;
S6;50;1;a1b2c3d4-e5f6-4789-a012-3456789abcde;
S7;50;1;a1b2c3d4-e5f6-4789-a012-3456789abcde;
S8;50;1;a1b2c3d4-e5f6-4789-a012-3456789abcde;
S9;50;1;a1b2c3d4-e5f6-4789-a012-3456789abcde;
S10;50;1;a1b2c3d4-e5f6-4789-a012-3456789abcde;
S11;50;1;a1b2c3d4-e5f6-4789-a012-3456789abcde;
S12;50;1;a1b2c3d4-e5f6-4789-a012-3456789abcde;
S13;50;1;a1b2c3d4-e5f6-4789-a012-3456789abcde;
S14;50;1;a1b2c3d4-e5f6-4789-a012-3456789abcde;
S15;50;1;a1b2c3d4-e5f6-4789-a012-3456789abcde;
S16;50;1;a1b2c3d4-e5f6-4789-a012-3456789abcde;
S17;50;1;a1b2c3d4-e5f6-4789-a012-3456789abcde;
S18;50;1;a1b2c3d4-e5f6-4789-a012-3456789abcde;
S19;50;1;a1b2c3d4-e5f6-4789-a012-3456789abcde;
S20;50;1;a1b2c3d4-e5f6-4789-a012-3456789abcde;
S21;50;1;a1b2c3d4-e5f6-4789-a012-3456789abcde;
S22;50;1;a1b2c3d4-e5f6-4789-a012-3456789abcde;
S23;50;1;a1b2c3d4-e5f6-4789-a012-3456789abcde;
S24;50;1;a1b2c3d4-e5f6-4789-a012-3456789abcde;
S25;50;1;a1b2c3d4-e5f6-4789-a012-3456789abcde;
S26;50;1;a1b2c3d4-e5f6-4789-a012-3456789abcde;
S27;50;1;a1b2c3d4-e5f6-4789-a012-3456789abcde;
S28;50;1;a1b2c3d4-e5f6-4789-a012-3456789abcde;
S29;50;1;a1b2c3d4-e5f6-4789-a012-3456789abcde;
S30;50;1;a1b2c3d4-e5f6-4789-a012-3456789abcde;
S31;50;1;a1b2c3d4-e5f6-4789-a012-3456789abcde;
T1;50;1;a1b2c3d4-e5f6-4789-a012-3456789abcde;
T2;50;1;a1b2c3d4-e5f6-4789-a012-3456789abcde;
T3;50;1;a1b2c3d4-e5f6-4789-a012-3456789abcde;
T4;50;1;a1b2c3d4-e5f6-4789-a012-3456789abcde;
T5;50;1;a1b2c3d4-e5f6-4789-a012-3456789abcde;
T6;50;1;a1b2c3d4-e5f6-4789-a012-3456789abcde;
T7;50;1;a1b2c3d4-e5f6-4789-a012-3456789abcde;
T8;50;1;a1b2c3d4-e5f6-4789-a012-3456789abcde;
T9;50;1;a1b2c3d4-e5f6-4789-a012-3456789abcde;
T10;50;1;a1b2c3d4-e5f6-4789-a012-3456789abcde;
T11;50;1;a1b2c3d4-e5f6-4789-a012-3456789abcde;
T12;50;1;a1b2c3d4-e5f6-4789-a012-3456789abcde;
T13;50;1;a1b2c3d4-e5f6-4789-a012-3456789abcde;
T14;50;1;a1b2c3d4-e5f6-4789-a012-3456789abcde;
T15;50;1;a1b2c3d4-e5f6-4789-a012-3456789abcde;
T16;50;1;a1b2c3d4-e5f6-4789-a012-3456789abcde;
T17;50;1;a1b2c3d4-e5f6-4789-a012-3456789abcde;
T18;50;1;a1b2c3d4-e5f6-4789-a012-3456789abcde;
T19;50;1;a1b2c3d4-e5f6-4789-a012-3456789abcde;
T20;50;1;a1b2c3d4-e5f6-4789-a012-3456789abcde;
T21;50;1;a1b2c3d4-e5f6-4789-a012-3456789abcde;
T22;50;1;a1b2c3d4-e5f6-4789-a012-3456789abcde;
T23;50;1;a1b2c3d4-e5f6-4789-a012-3456789abcde;
T24;50;1;a1b2c3d4-e5f6-4789-a012-3456789abcde;
T25;50;1;a1b2c3d4-e5f6-4789-a012-3456789abcde;
T26;50;1;a1b2c3d4-e5f6-4789-a012-3456789abcde;
T27;50;1;a1b2c3d4-e5f6-4789-a012-3456789abcde;
T28;50;1;a1b2c3d4-e5f6-4789-a012-3456789abcde;
T29;50;1;a1b2c3d4-e5f6-4789-a012-3456789abcde;
T30;50;1;a1b2c3d4-e5f6-4789-a012-3456789abcde;
U1;50;1;a1b2c3d4-e5f6-4789-a012-3456789abcde;
U2;50;1;a1b2c3d4-e5f6-4789-a012-3456789abcde;
U3;50;1;a1b2c3d4-e5f6-4789-a012-3456789abcde;
U4;50;1;a1b2c3d4-e5f6-4789-a012-3456789abcde;
U5;50;1;a1b2c3d4-e5f6-4789-a012-3456789abcde;
U6;50;1;a1b2c3d4-e5f6-4789-a012-3456789abcde;
U7;50;1;a1b2c3d4-e5f6-4789-a012-3456789abcde;
U8;50;1;a1b2c3d4-e5f6-4789-a012-3456789abcde;
U9;50;1;a1b2c3d4-e5f6-4789-a012-3456789abcde;
U10;50;1;a1b2c3d4-e5f6-4789-a012-3456789abcde;
U11;50;1;a1b2c3d4-e5f6-4789-a012-3456789abcde;
U12;50;1;a1b2c3d4-e5f6-4789-a012-3456789abcde;
U13;50;1;a1b2c3d4-e5f6-4789-a012-3456789abcde;
U14;50;1;a1b2c3d4-e5f6-4789-a012-3456789abcde;
U15;50;1;a1b2c3d4-e5f6-4789-a012-3456789abcde;
U16;50;1;a1b2c3d4-e5f6-4789-a012-3456789abcde;
U17;50;1;a1b2c3d4-e5f6-4789-a012-3456789abcde;
U18;50;1;a1b2c3d4-e5f6-4789-a012-3456789abcde;
U19;50;1;a1b2c3d4-e5f6-4789-a012-3456789abcde;
U20;50;1;a1b2c3d4-e5f6-4789-a012-3456789abcde;
U21;50;1;a1b2c3d4-e5f6-4789-a012-3456789abcde;
U22;50;1;a1b2c3d4-e5f6-4789-a012-3456789abcde;
U23;50;1;a1b2c3d4-e5f6-4789-a012-3456789abcde;
U24;50;1;a1b2c3d4-e5f6-4789-a012-3456789abcde;
U25;50;1;a1b2c3d4-e5f6-4789-a012-3456789abcde;
U26;50;1;a1b2c3d4-e5f6-4789-a012-3456789abcde;
U27;50;1;a1b2c3d4-e5f6-4789-a012-3456789abcde;
U28;50;1;a1b2c3d4-e5f6-4789-a012-3456789abcde;
U29;50;1;a1b2c3d4-e5f6-4789-a012-3456789abcde;
U30;50;1;a1b2c3d4-e5f6-4789-a012-3456789abcde;